,序号,名称,省份,类别,类型,申报单位,保护单位,Longitude,Latitude,WGS84Longitude,WGS84Latitude
0,1,吴歌,上海市,民间文学,扩展项目,上海市青浦区,上海市青浦区文化馆（上海青浦画院）,121.1317646,31.15637183,121.1206106,31.15252896
1,2,谚语（沪谚）,上海市,民间文学,新增项目,上海市闵行区,上海市闵行区浦江镇文化体育事业发展中心,121.5352295,31.06959582,121.5244212,31.06581333
2,3,江南丝竹,上海市,传统音乐,扩展项目,上海市,上海市群众艺术馆（上海市非物质文化遗产保护中心）,121.430968,31.19205788,121.4199111,31.1876785
3,4,码头号子（上海港码头号子）,上海市,传统音乐,新增项目,上海市浦东新区,上海市浦东新区人民政府塘桥街道办事处,121.5313888,31.22085746,121.5205082,31.2170491
4,5,码头号子（上海港码头号子）,上海市,传统音乐,新增项目,上海市杨浦区,上海市杨浦区人民政府定海路街道办事处,121.5555596,31.28518505,121.54488,31.28101235
5,6,琵琶艺术（瀛洲古调派）,上海市,传统音乐,新增项目,上海市崇明县,上海市崇明区文化馆,121.4366623,31.62473009,121.4255792,31.62017078
6,7,琵琶艺术（浦东派）,上海市,传统音乐,新增项目,上海市南汇区,上海市浦东新区文化艺术指导中心（上海市浦东新区群众文化艺术馆、上海市浦东新区电影发行放映管理站）,121.5791111,31.25421403,121.5684499,31.25010378
7,8,锣鼓艺术（泗泾十锦细锣鼓）,上海市,传统音乐,新增项目,上海市松江区,上海市松江区泗泾镇社区党群服务中心（上海市松江区泗泾镇文化体育服务中心）,121.287267,31.12201388,121.2762654,31.11824104
8,9,道教音乐（上海道教音乐）,上海市,传统音乐,新增项目,上海市道教协会,上海市道教协会,121.239523,31.01299063,121.2285852,31.00918255
9,10,崇明山歌,上海市,传统音乐,新增项目,上海市崇明区,上海市崇明区文化馆,121.4366623,31.62473009,121.4255792,31.62017078
10,11,二胡艺术（江南孙氏二胡艺术）,上海市,传统音乐,新增项目,上海市奉贤区,上海市奉贤区文化馆（上海市奉贤区非物质文化遗产保护和传承中心）,121.4824986,30.92275766,121.4714961,30.91899633
11,12,龙舞（舞草龙）,上海市,传统舞蹈,扩展项目,上海市松江区,上海市松江区叶榭镇社区党群服务中心（上海市松江区叶榭镇文化体育服务中心）,121.3120174,30.94651413,121.3011326,30.94238279
12,13,龙舞（浦东绕龙灯）,上海市,传统舞蹈,扩展项目,上海市浦东新区,上海市浦东新区三林镇文化服务中心,121.5090972,31.15089709,121.4980946,31.14732825
13,14,狮舞（马桥手狮舞）,上海市,传统舞蹈,扩展项目,上海市闵行区,上海市闵行区马桥镇文化体育事业发展中心,121.4114928,31.0761668,121.4003409,31.07218262
14,15,滚灯（奉贤滚灯）,上海市,传统舞蹈,扩展项目,上海市奉贤区,上海市奉贤区柘林镇社区党群服务中心（上海市奉贤区柘林镇文化体育服务中心）,121.471992,30.87741701,121.4609762,30.873448
15,16,昆曲,上海市,传统戏剧,新增项目,上海市,上海昆剧团,121.4709585,31.21536849,121.4599261,31.21118999
16,17,京剧,上海市,传统戏剧,新增项目,上海市,上海京剧院,121.4540615,31.18081705,121.4430745,31.17639339
17,18,越剧,上海市,传统戏剧,新增项目,上海市,上海越剧艺术传习所（上海越剧院）,121.4541314,31.21698715,121.443112,31.21253868
18,19,沪剧,上海市,传统戏剧,新增项目,上海市,上海沪剧艺术传习所（上海沪剧院）,121.458581,31.21597388,121.4475627,31.21157691
19,20,木偶戏（海派木偶戏）,上海市,传统戏剧,扩展项目,上海木偶剧团,上海木偶剧团有限公司,121.4752712,31.23771747,121.464219,31.23361756
20,21,淮剧,上海市,传统戏剧,新增项目,上海淮剧团,上海淮剧艺术传习所（上海淮剧团）,121.4753836,31.23290332,121.4643317,31.22880812
21,22,滑稽戏,上海市,传统戏剧,新增项目,上海滑稽剧团,上海滑稽剧团有限公司,121.4585491,31.24174523,121.4475197,31.23733345
22,23,苏州评弹（苏州评话、苏州弹词）,上海市,曲艺,扩展项目,上海市书场工作者协会,上海市书场工作者协会,121.5005072,31.0846628,121.4894796,31.08108916
23,24,锣鼓书,上海市,曲艺,新增项目,上海市南汇区,上海市浦东新区文化艺术指导中心（上海市浦东新区群众文化艺术馆、上海市浦东新区电影发行放映管理站）,121.5791111,31.25421403,121.5684499,31.25010378
24,25,浦东说书,上海市,曲艺,新增项目,上海市浦东新区,上海市浦东新区北蔡镇文化服务中心,121.5614769,31.17992218,121.5508347,31.17576501
25,26,独脚戏,上海市,曲艺,新增项目,上海市黄浦区,上海独脚戏艺术传承中心（上海市人民滑稽剧团）,121.4924323,31.22012533,121.4813694,31.21637616
26,27,浦东宣卷,上海市,曲艺,新增项目,上海市浦东新区,上海市浦东新区周浦镇文化服务中心,121.5956839,31.11681545,121.5849735,31.11305687
27,28,太极拳（吴氏太极拳）,上海市,"传统体育、
游艺与杂技",扩展项目,上海市,上海鉴泉太极拳社,121.574394,31.10300683,121.5637453,31.0989207
28,29,心意拳（卢氏心意拳）,上海市,"传统体育、
游艺与杂技",扩展项目,上海市普陀区,上海心意六合健身咨询有限公司,121.44485,31.19731986,121.4338387,31.19284215
29,30,精武武术 ,上海市,"传统体育、
游艺与杂技",新增项目,上海市虹口区,上海精武体育总会,121.3478249,31.42507635,121.3367943,31.42075467
30,31,绵拳 ,上海市,"传统体育、
游艺与杂技",新增项目,上海市杨浦区,上海杨浦区江浦社区文化活动中心,121.5241142,31.27193009,121.513192,31.26820681
31,32,剪纸（上海剪纸）,上海市,传统美术,扩展项目,上海市徐汇区,上海市徐汇区人民政府枫林路街道办事处,121.4692808,31.19580712,121.4582718,31.19160875
32,33,顾绣,上海市,传统美术,新增项目,上海市松江区,上海市松江区人文松江活动中心（上海市松江区文化馆、上海市松江区图书馆、上海市松江区文化资源配送中心）,121.2452537,31.01208309,121.2342914,31.00838185
33,34,黄杨木雕,上海市,传统美术,扩展项目,上海市徐汇区,上海市徐汇区人民政府长桥街道办事处,121.4432781,31.13849759,121.4322519,31.13404759
34,35,竹刻（嘉定竹刻）,上海市,传统美术,新增项目,上海市嘉定区,上海市嘉定区竹刻协会,121.2725951,31.38015534,121.2615543,31.3764608
35,36,灯彩（上海灯彩）,上海市,传统美术,扩展项目,上海市卢湾区,上海大世界传艺中心,121.485834,31.23415278,121.4747664,31.23027763
36,37,面人（上海面人赵）,上海市,传统美术,新增项目,上海工艺美术研究所,上海工艺美术有限公司工艺美术研究所,121.4364783,31.17688827,121.4254531,31.17245945
37,38,草编（徐行草编）,上海市,传统美术,新增项目,上海市嘉定区,上海徐行黄草编织专业合作社,121.2868972,31.42213927,121.2759053,31.41825668
38,39,玉雕（海派玉雕）,上海市,传统美术,扩展项目,上海市,上海海派玉雕文化协会,121.3241624,31.16856179,121.3132593,31.16418545
39,40,木雕（紫檀雕刻）,上海市,传统美术,扩展项目,上海市,上海中国紫檀文化研究院,121.5270828,31.20215769,121.5161871,31.19842694
40,41,上海绒绣,上海市,传统美术,新增项目,上海市浦东新区,上海市浦东新区绒绣协会,121.5504546,31.22734829,121.539716,31.22324453
41,42,乌泥泾手工棉纺织技艺,上海市,传统技艺,新增项目,上海市徐汇区,上海市徐汇区华泾镇人民政府,121.4623014,31.12387813,121.4512801,31.11958185
42,43,徽墨制作技艺（曹素功墨锭制作技艺）,上海市,传统技艺,扩展项目,上海市黄浦区,上海周虎臣曹素功笔墨有限公司,121.4878433,31.23332797,121.4767743,31.22949176
43,44,木版水印技艺,上海市,传统技艺,扩展项目,上海书画出版社,上海朵云轩集团有限公司,121.4537964,31.18051909,121.4428094,31.17609316
44,45,金银细工制作技艺,上海市,传统技艺,新增项目,上海市黄浦区,上海老凤祥有限公司,121.4885632,31.24236033,121.4774938,31.23853347
45,46,民族乐器制作技艺（上海民族乐器制作技艺）,上海市,传统技艺,扩展项目,上海市闵行区,上海民族乐器一厂有限公司,121.3521236,31.15087723,121.341075,31.14673269
46,47,印泥制作技艺（上海鲁庵印泥）,上海市,传统技艺,新增项目,上海市静安区,上海市静安区文物史料馆（中国劳动组合书记部旧址陈列馆）,121.4705183,31.2439451,121.4594755,31.23974187
47,48,酱油酿造技艺（钱万隆酱油酿造技艺）,上海市,传统技艺,新增项目,上海市浦东新区,上海钱万隆酿造厂,121.4805389,31.23592904,121.4694778,31.23194382
48,49,传统面食制作技艺（南翔小笼馒头制作技艺） ,上海市,传统技艺,扩展项目,上海市嘉定区 ,上海南翔老街建设发展有限公司,121.3152144,31.29715714,121.3043065,31.29279692
49,50,素食制作技艺（功德林素食制作技艺）,上海市,传统技艺,新增项目,上海功德林素食有限公司,上海功德林素食有限公司,121.4727334,31.24151429,121.4616861,31.23735835
50,51,中式服装制作技艺（龙凤旗袍手工制作技艺）,上海市,传统技艺,新增项目,上海市静安区,上海龙凤中式服装有限公司,121.2890043,31.05960812,121.2780507,31.055848
51,52,中式服装制作技艺（亨生奉帮裁缝技艺）,上海市,传统技艺,新增项目,上海市静安区,上海亨生西服有限公司,121.4617603,31.23314371,121.450729,31.22878275
52,53,中式服装制作技艺（培罗蒙奉帮裁缝技艺）,上海市,传统技艺,新增项目,上海市黄浦区,上海培罗蒙西服有限公司,121.5091762,31.25631066,121.4981503,31.25268659
53,54,青铜器修复及复制技艺（上海青铜器修复技艺）,上海市,传统技艺,扩展项目,上海市,上海博物馆,121.48223,31.2341429,121.4711667,31.23019435
54,55,毛笔制作技艺（周虎臣毛笔制作技艺）,上海市,传统技艺,新增项目,上海市黄浦区,上海周虎臣曹素功笔墨有限公司,121.4878433,31.23332797,121.4767743,31.22949176
55,56,石库门里弄建筑营造技艺,上海市,传统技艺,新增项目,上海市黄浦区,上海美达建筑工程有限公司,121.4722966,31.21751486,121.4612598,31.21336288
56,57,古陶瓷修复技艺 ,上海市,传统技艺,新增项目,上海市长宁区,上海高古陶瓷修复有限公司,121.4805389,31.23592904,121.4694778,31.23194382
57,58,古陶瓷修复技艺,上海市,传统技艺,扩展项目,上海市,上海博物馆,121.48223,31.2341429,121.4711667,31.23019435
58,59,上海本帮菜肴传统烹饪技艺 ,上海市,传统技艺,新增项目,上海市黄浦区,上海老饭店,116.3764266,39.93007285,116.3637229,39.92269727
59,60,梨膏糖制作技艺（上海梨膏糖制作技艺）,上海市,传统技艺,新增项目,上海市黄浦区,上海梨膏糖食品厂,121.4982076,31.23115186,121.4871429,31.22747367
60,61,中医诊法（朱氏推拿疗法）,上海市,传统医药,扩展项目,上海市,华东医院,121.4135379,31.11360753,121.4023642,31.1095572
61,62,中医诊疗法（顾氏外科疗法）,上海市,传统医药,扩展项目,上海市,上海中医药大学附属龙华医院,121.456833,31.19438989,121.4458377,31.18998677
62,63,中医诊疗法（古本易筋经十二势导引法）,上海市,传统医药,扩展项目,上海市,上海传承导引医学研究所,121.2689388,31.28748434,121.2579282,31.28384667
63,64,中医诊疗法（丁氏推拿疗法）,上海市,传统医药,扩展项目,上海市,上海中医药大学附属岳阳中西医结合医院,121.495334,31.29461385,121.4842986,31.29088264
64,65,中医诊疗法（朱氏妇科疗法）,上海市,传统医药,扩展项目,上海市,上海中医药大学附属岳阳中西医结合医院,121.495334,31.29461385,121.4842986,31.29088264
65,66,中医传统制剂方法（六神丸制作技艺）,上海市,传统医药,扩展项目,上海市黄浦区,上海雷允上药业有限公司,121.4339993,31.19189647,121.4229563,31.18748176
66,67,针灸（陆氏针灸疗法）,上海市,传统医药,扩展项目,上海市,上海市针灸经络研究所,121.4553668,31.19273756,121.4443728,31.18831918
67,68,中医正骨疗法（石氏伤科疗法）,上海市,传统医药,扩展项目,上海市黄浦区,上海交通大学医学院附属第九人民医院黄浦分院,121.477982,31.21848187,121.4669342,31.21445172
68,69,中医正骨疗法（上海石氏伤科疗法）,上海市,传统医药,扩展项目,上海市,上海中医药大学附属曙光医院,121.485781,31.22867285,121.4747152,31.22479957
69,70,中医正骨疗法（魏氏伤科疗法）,上海市,传统医药,扩展项目,上海市,上海交通大学医学院附属瑞金医院,121.473908,31.21814486,121.4628677,31.21402679
70,71,中医正骨疗法（施氏伤科疗法）,上海市,传统医药,扩展项目,上海市黄浦区,上海市黄浦区香山中医医院,121.4732152,31.22162772,121.4621732,31.21749247
71,72,端午节（罗店划龙船习俗）,上海市,民俗,扩展项目,上海市宝山区,上海市宝山区罗店镇社会事务服务中心（上海市宝山区罗店镇社区文化活动中心）,121.3470795,31.4260251,121.3360532,31.4216918
72,73,元宵节（豫园灯会）,上海市,民俗,扩展项目,上海市黄浦区,上海豫园旅游商城股份有限公司,121.49816,31.23132485,121.4870951,31.22764605
73,74,庙会（上海龙华庙会）,上海市,民俗,新增项目,上海市徐汇区,上海市徐汇区人民政府龙华街道办事处,121.457199,31.17514083,121.4462135,31.17075398
74,75,民间信俗（小白龙信俗）,上海市,民俗,扩展项目,上海市金山区,上海市金山区吕巷镇社区党群服务中心（上海市金山区吕巷镇文化体育服务中心）,121.350604,30.71636972,121.339607,30.71244645
75,76,规约习俗（钱氏家训家教）,上海市,民俗,扩展项目,上海市,上海市地方史志学会,121.4805389,31.23592904,121.4694778,31.23194382
0,1,白蛇传传说,江苏省,民间文学,新增项目,江苏省镇江市,镇江市非物质文化遗产保护中心,119.4343136,32.22025669,119.422375,32.21609897
1,2,梁祝传说,江苏省,民间文学,新增项目,江苏省宜兴市,宜兴市华夏梁祝文化研究会,119.831606,31.34295662,119.820177,31.33938794
2,3,董永传说,江苏省,民间文学,新增项目,江苏省东台市,东台市文化馆,120.3265371,32.87271631,120.3152578,32.86869206
3,4,董永传说,江苏省,民间文学,扩展项目,江苏省金坛市,常州市金坛区文化馆,119.590209,31.74842099,119.578697,31.74491504
4,5,董永传说,江苏省,民间文学,扩展项目,江苏省丹阳市,丹阳市文化馆,119.5910028,31.99547617,119.5794766,31.9920171
5,6,宝卷（靖江宝卷）,江苏省,民间文学,扩展项目,江苏省靖江市,靖江市文化馆,120.2805725,32.01960004,120.2694531,32.015674
6,7,宝卷（吴地宝卷）,江苏省,民间文学,扩展项目,江苏省苏州市,苏州市非物质文化遗产保护管理办公室（苏州市文化研究中心）,120.6357754,31.30887532,120.6251072,31.3050316
7,8,吴歌,江苏省,民间文学,新增项目,江苏省苏州市,苏州市非物质文化遗产保护管理办公室（苏州市文化研究中心）,120.6357754,31.30887532,120.6251072,31.3050316
8,9,吴歌,江苏省,民间文学,扩展项目,江苏省无锡市,无锡市锡山区吴歌锡剧研究会,120.3634257,31.59476163,120.3523161,31.59019671
9,10,徐福传说,江苏省,民间文学,扩展项目,江苏省赣榆县,连云港市赣榆区金山镇文化站,119.0745929,35.02558013,119.0623674,35.02000337
10,11,东海孝妇传说,江苏省,民间文学,新增项目,江苏省连云港市,连云港市孝文化研究会,119.1461953,34.5777416,119.1340416,34.57248548
11,12,薅草锣鼓（金湖秧歌）,江苏省,传统音乐,扩展项目,江苏省金湖县,金湖县文化馆,119.0174248,33.02495876,119.0055301,33.02069436
12,13,古琴艺术（虞山琴派）,江苏省,传统音乐,扩展项目,江苏省常熟市,常熟市虞山琴派艺术工作室,120.7326989,31.67433956,120.7219142,31.66994675
13,14,古琴艺术（广陵琴派）,江苏省,传统音乐,扩展项目,江苏省扬州市,扬州市文化馆,119.3200344,33.24282664,119.3080713,33.2384594
14,15,古琴艺术（金陵琴派）,江苏省,传统音乐,扩展项目,江苏省南京市,南京市秦淮区文化馆,118.7942916,32.027884,118.7826901,32.02365653
15,16,古琴艺术（梅庵琴派）,江苏省,传统音乐,扩展项目,江苏省南通市,南通市非物质文化遗产研究会,120.9015917,31.98654943,120.890784,31.98307057
16,17,古琴艺术（梅庵琴派）,江苏省,传统音乐,扩展项目,江苏省镇江市,镇江梦溪琴社,119.4887131,32.20831099,119.4768738,32.20444841
17,18,唢呐艺术（徐州鼓吹乐）,江苏省,传统音乐,扩展项目,江苏省徐州市,徐州文化馆,117.1857991,34.27053198,117.1734175,34.26609482
18,19,江南丝竹,江苏省,传统音乐,新增项目,江苏省太仓市,太仓市文化馆,121.1366315,31.46138254,121.1254177,31.457478
19,20,海州五大宫调,江苏省,传统音乐,新增项目,江苏省连云港市,连云港市民俗博物馆（连云港市非物质文化遗产博物馆、连云港市非物质文化遗产保护中心、连云港市山海文化生态保护中心）,119.1851625,34.61146416,119.1730938,34.60622238
20,21,十番音乐（楚州十番锣鼓）,江苏省,传统音乐,扩展项目,江苏省淮安市,淮安市淮安区文化馆,119.1124266,33.55656647,119.1002159,33.55218843
21,22,十番音乐（邵伯锣鼓小牌子）,江苏省,传统音乐,扩展项目,江苏省江都市,扬州市江都区邵伯古镇传统文化传承发展中心,119.5121332,32.52548811,119.5004822,32.52128565
22,23,苏州玄妙观道教音乐,江苏省,传统音乐,新增项目,江苏省苏州市,苏州市道教协会,120.9917751,31.40435937,120.9809701,31.40028214
23,24,高邮民歌,江苏省,传统音乐,新增项目,江苏省高邮市,高邮市文化馆,119.5006737,32.78670561,119.4888842,32.78254207
24,25,海门山歌,江苏省,传统音乐,新增项目,江苏省海门市,海门市文化馆,116.1073529,39.94839892,116.0944206,39.94135362
25,26,吟诵调（常州吟诵）,江苏省,传统音乐,新增项目,江苏省常州市,常州市文化馆,119.9961186,31.78911456,119.9849288,31.7848014
26,27,佛教音乐（天宁寺梵呗唱诵）,江苏省,传统音乐,新增项目,江苏省常州市,常州天宁禅寺,119.9754665,31.78137581,119.9642444,31.77744911
27,28,佛教音乐（金山寺水陆法会仪式音乐） ,江苏省,传统音乐,扩展项目,江苏省镇江市,镇江金山江天禅寺,119.4223174,32.22174371,119.4104183,32.21737483
28,29,道教音乐（无锡道教音乐）,江苏省,传统音乐,新增项目,江苏省无锡市,无锡市道教协会,120.3185833,31.49880973,120.3073911,31.49498761
29,30,道教音乐（茅山道教音乐） ,江苏省,传统音乐,扩展项目,江苏省句容市,句容市茅山道院,119.3218709,31.78821572,119.3100481,31.78421924
30,31,茅山号子,江苏省,传统音乐,新增项目,江苏省兴化市,兴化市关注文化传播中心,119.8575141,32.91782421,119.8461132,32.91378591
31,32,南闸民歌,江苏省,传统音乐,新增项目,江苏省淮安市淮安区,淮安市淮安区文化馆,119.1124266,33.55656647,119.1002159,33.55218843
32,33,龙舞（骆山大龙）,江苏省,传统舞蹈,扩展项目,江苏省溧水区,南京市溧水区文化馆,119.0340433,31.65954458,119.0223259,31.65514764
33,34,龙舞（直溪巨龙）,江苏省,传统舞蹈,扩展项目,江苏省金坛市,常州市金坛区文化馆,119.590209,31.74842099,119.578697,31.74491504
34,35,竹马（东坝大马灯）,江苏省,传统舞蹈,新增项目,江苏省高淳县,南京市高淳区文化馆,118.8844734,31.33554574,118.8729398,31.3319434
35,36,竹马（邳州跑竹马）,江苏省,传统舞蹈,新增项目,江苏省邳州市,邳州市文化馆,117.9810831,34.34561069,117.9690572,34.34066745
36,37,竹马（蒋塘马灯舞）,江苏省,传统舞蹈,扩展项目,江苏省溧阳市,溧阳市公共文化体育中心,119.491506,31.42210229,119.4797983,31.41813626
37,38,跳马,江苏省,传统舞蹈,新增项目,江苏省如东县,如东县文化馆,121.205542,32.34044208,121.1945664,32.33606791
38,39,洪泽湖渔鼓,江苏省,传统舞蹈,新增项目,江苏省洪泽县 ,淮安市洪泽区文化馆,118.8795836,33.29962468,118.8678457,33.29567007
39,40,洪泽湖渔鼓,江苏省,传统舞蹈,新增项目,江苏省泗洪县 ,泗洪县文化馆,118.2276746,33.44295285,118.2157534,33.438315
40,41,泰兴花鼓,江苏省,传统舞蹈,新增项目,江苏省泰州市泰兴市,泰兴市文化馆,120.0275841,32.17364427,120.0162176,32.16945643
41,42,昆曲,江苏省,传统戏剧,新增项目,江苏省,江苏省演艺集团有限公司，江苏省苏州昆剧院,120.741194,31.30829336,120.7304152,31.30404121
42,43,京剧,江苏省,传统戏剧,扩展项目,江苏省演艺集团,江苏省演艺集团有限公司,120.301017,31.5765131,120.2898224,31.57276587
43,44,京剧,江苏省,传统戏剧,扩展项目,江苏省淮安市,江苏省长荣京剧院,119.095971,33.61928711,119.083743,33.61484271
44,45,苏剧,江苏省,传统戏剧,新增项目,江苏省苏州市,苏州市苏剧传习保护中心,120.5924122,31.30356407,120.5818229,31.29948669
45,46,扬剧,江苏省,传统戏剧,新增项目,江苏省扬州市,扬州市扬剧研究所,119.410709,32.40284307,119.3988212,32.39837148
46,47,扬剧,江苏省,传统戏剧,扩展项目,江苏省演艺集团扬剧团,江苏省演艺集团有限公司,120.301017,31.5765131,120.2898224,31.57276587
47,48,扬剧,江苏省,传统戏剧,扩展项目,江苏省镇江市,镇江市艺术剧院,119.4431248,32.16907676,119.4311666,32.16508645
48,49,泗州戏,江苏省,传统戏剧,扩展项目,江苏省泗洪县,泗洪县泗州戏剧团,118.2224159,33.46573259,118.2105078,33.46099757
49,50,柳琴戏,江苏省,传统戏剧,扩展项目,江苏省徐州市,徐州演艺集团有限公司,117.1999083,34.26878328,117.1875732,34.26428886
50,51,木偶戏（杖头木偶戏）,江苏省,传统戏剧,扩展项目,江苏省扬州市,扬州市木偶研究所（江苏省木偶剧团）,119.4171722,32.39261645,119.4052858,32.38819529
51,52,木偶戏（杖头木偶戏）,江苏省,传统戏剧,扩展项目,江苏省演艺集团,江苏省演艺集团有限公司,120.301017,31.5765131,120.2898224,31.57276587
52,53,淮剧,江苏省,传统戏剧,新增项目,江苏省盐城市,江苏省淮剧团有限公司,120.1655469,33.34070899,120.1540643,33.33631651
53,54,淮剧,江苏省,传统戏剧,扩展项目,江苏省淮安市,淮安市淮剧团,119.0275286,33.58933073,119.015623,33.58452845
54,55,淮剧,江苏省,传统戏剧,扩展项目,江苏省泰州市,泰州市淮剧团,119.9217637,32.4810897,119.910513,32.47741692
55,56,锡剧,江苏省,传统戏剧,新增项目,江苏省演艺集团锡剧团,江苏省演艺集团有限公司,120.301017,31.5765131,120.2898224,31.57276587
56,57,锡剧,江苏省,传统戏剧,新增项目,江苏省无锡市,无锡市锡剧院有限责任公司,120.3009801,31.57652033,120.2897856,31.57277296
57,58,锡剧,江苏省,传统戏剧,新增项目,江苏省常州市,江苏常州市锡剧院,119.9345578,31.77535776,119.9233225,31.77178372
58,59,淮海戏,江苏省,传统戏剧,新增项目,江苏省淮安市,江苏省淮海剧团,119.0240237,33.61154017,119.0120918,33.60679171
59,60,淮海戏,江苏省,传统戏剧,新增项目,江苏省连云港市,连云港市淮海剧团有限公司,119.1667607,34.60101034,119.154692,34.59558416
60,61,童子戏,江苏省,传统戏剧,新增项目,江苏省通州市,南通市通州区文化馆（南通市通州区非物质文化遗产保护中心、 南通市通州区书画院、南通市通州区考古与文物保护研究所）,121.0830409,32.07052938,121.071943,32.06599435
61,62,徐州梆子,江苏省,传统戏剧,新增项目,江苏省徐州市,徐州演艺集团有限公司,117.1999083,34.26878328,117.1875732,34.26428886
62,63,滑稽戏,江苏省,传统戏剧,新增项目,江苏省苏州市,苏州市滑稽剧团（苏州市少儿喜剧实验剧院）,120.5924122,31.30356407,120.5818229,31.29948669
63,64,苏州评弹（苏州评话、苏州弹词）,江苏省,曲艺,新增项目,江苏省苏州市,苏州市评弹团,120.6379621,31.27968852,120.6272804,31.27589464
64,65,苏州评弹（苏州评话、苏州弹词）,江苏省,曲艺,扩展项目,江苏省演艺集团,江苏省演艺集团有限公司,120.301017,31.5765131,120.2898224,31.57276587
65,66,扬州评话,江苏省,曲艺,新增项目,江苏省扬州市,扬州市曲艺研究所,119.411092,32.40220411,119.3992045,32.39773441
66,67,扬州评话,江苏省,曲艺,扩展项目,江苏省演艺集团,江苏省演艺集团有限公司,120.301017,31.5765131,120.2898224,31.57276587
67,68,扬州清曲,江苏省,曲艺,新增项目,江苏省扬州市,扬州市广陵区扬州清曲传承发展研究会,119.4385048,32.40066116,119.4265461,32.39659685
68,69,小热昏,江苏省,曲艺,扩展项目,江苏省常州市,江苏常州市曲艺团,119.9345197,31.7754632,119.9232845,31.77188881
69,70,扬州弹词,江苏省,曲艺,新增项目,江苏省扬州市,扬州市曲艺研究所,119.411092,32.40220411,119.3992045,32.39773441
70,71,徐州琴书,江苏省,曲艺,新增项目,江苏省徐州市,徐州演艺集团有限公司,117.1999083,34.26878328,117.1875732,34.26428886
71,72,南京白局,江苏省,曲艺,新增项目,江苏省南京市秦淮区,南京市秦淮区文化馆,118.7942916,32.027884,118.7826901,32.02365653
72,73,苏北大鼓,江苏省,曲艺,新增项目,江苏省宿迁市宿城区,宿迁市宿城区文化馆,118.25124,33.95173104,118.2391785,33.9473451
73,74,建湖杂技,江苏省,"传统体育、
游艺与杂技",新增项目,江苏省建湖县,江苏省杂技团（盐城市杂技团、江苏杂技培训中心）,119.806316,33.4556231,119.7946952,33.45134648
74,75,撂石锁（海陵撂石锁）,江苏省,"传统体育、
游艺与杂技",扩展项目,江苏省泰州市海陵区,泰州市海陵区石锁协会,119.925525,32.49673155,119.914261,32.49312064
75,76,桃花坞木版年画,江苏省,传统美术,新增项目,江苏省苏州市,苏州市公共文化中心（苏州美术馆、苏州市文化馆、苏州市名人馆）,120.6228756,31.32942995,120.6122573,31.32536361
76,77,剪纸（扬州剪纸）,江苏省,传统美术,新增项目,江苏省扬州市,扬州剪纸博物馆有限公司,119.4482841,32.40358203,119.436297,32.39970132
77,78,剪纸（南京剪纸）,江苏省,传统美术,扩展项目,江苏省南京市,南京工艺美术有限责任公司,118.7636844,32.06688106,118.7518822,32.06313659
78,79,剪纸（徐州剪纸）,江苏省,传统美术,扩展项目,江苏省徐州市,徐州文化馆,117.1857991,34.27053198,117.1734175,34.26609482
79,80,剪纸（金坛刻纸）,江苏省,传统美术,扩展项目,江苏省金坛市,常州市金坛区非物质文化遗产保护中心（常州市金坛区书画院）,119.5941064,31.72805664,119.5825886,31.72452442
80,81,苏绣,江苏省,传统美术,新增项目,江苏省苏州市,苏州刺绣研究所有限公司,120.619401,31.31709998,120.6088098,31.31299828
81,82,苏绣（无锡精微绣）,江苏省,传统美术,扩展项目,江苏省无锡市,无锡市民间艺术博物馆,120.2543927,31.50628665,120.2433994,31.50190901
82,83,苏绣（南通仿真绣）,江苏省,传统美术,扩展项目,江苏省南通市,南通市沈寿艺术馆有限公司,120.8703507,32.01880581,120.8596528,32.01484632
83,84,苏绣（扬州刺绣）,江苏省,传统美术,扩展项目,江苏省扬州市,扬州刺绣研究所有限公司,119.4194189,32.40067694,119.4075198,32.39627867
84,85,苏绣（常州乱针绣）,江苏省,传统美术,扩展项目,江苏省常州市,常州市乱针绣行业协会,119.9443275,31.78692569,119.9330636,31.78340482
85,86,香包（徐州香包）,江苏省,传统美术,扩展项目,江苏省徐州市,徐州文化馆,117.1857991,34.27053198,117.1734175,34.26609482
86,87,象牙雕刻（常州象牙浅刻）,江苏省,传统美术,扩展项目,江苏省常州市武进区,常州剑波雅刻艺术品有限公司,119.9053845,31.73949866,119.894248,31.73543906
87,88,扬州玉雕,江苏省,传统美术,新增项目,江苏省扬州市,扬州玉器厂有限责任公司,119.4499674,32.40698574,119.4379738,32.4031317
88,89,竹刻（无锡留青竹刻）,江苏省,传统美术,扩展项目,江苏省无锡市,无锡市民间艺术博物馆,120.2543927,31.50628665,120.2433994,31.50190901
89,90,竹刻（常州留青竹刻）,江苏省,传统美术,扩展项目,江苏省常州市,常州市文化馆,119.9961186,31.78911456,119.9849288,31.7848014
90,91,泥塑（惠山泥人）,江苏省,传统美术,新增项目,江苏省无锡市,无锡市民间艺术博物馆,120.2543927,31.50628665,120.2433994,31.50190901
91,92,泥塑（苏州泥塑）,江苏省,传统美术,扩展项目,江苏省苏州市,苏州市艺术学校（苏州市艺术职业学校）,120.7503233,31.63026286,120.739465,31.6260854
92,93,灯彩（秦淮灯彩）,江苏省,传统美术,扩展项目,江苏省句容市,句容市民间工艺彩灯厂,119.1754332,31.95092349,119.1636291,31.94650433
93,94,灯彩（苏州灯彩）,江苏省,传统美术,扩展项目,江苏省苏州市,苏州市苏艺灯彩艺术有限公司,120.7092158,31.32719469,120.6984479,31.32300298
94,95,玉雕（苏州玉雕）,江苏省,传统美术,新增项目,江苏省苏州市,苏州博物馆（苏州民俗博物馆、苏州工艺美术博物馆）,120.6343167,31.32905864,120.6236376,31.32517679
95,96,核雕（光福核雕）,江苏省,传统美术,新增项目,江苏省苏州市,苏州市吴中区光福镇文体教育服务中心,120.3990145,31.28822767,120.3878401,31.28410919
96,97,彩扎（邳州纸塑狮子头）,江苏省,传统美术,新增项目,江苏省邳州市,邳州市文化馆,117.9810831,34.34561069,117.9690572,34.34066745
97,98,常州梳篦,江苏省,传统美术,新增项目,江苏省常州市,常州梳篦厂有限公司,119.9063853,31.79511904,119.8952577,31.79108749
98,99,糖塑（丰县糖人贡）,江苏省,传统美术,新增项目,江苏省徐州市丰县,丰县文化馆,116.605984,34.70029795,116.5941967,34.69567191
99,100,盆景技艺（扬派盆景技艺）,江苏省,传统美术,新增项目,江苏省扬州市,扬州市瘦西湖风景区管理处,119.420663,32.41378141,119.4087467,32.40939445
100,101,盆景技艺（扬派盆景技艺）,江苏省,传统美术,新增项目,江苏省泰州市,泰州市市政园林事业中心,119.9267139,32.45815165,119.9154211,32.45455866
101,102,盆景技艺（苏派盆景技艺）,江苏省,传统美术,扩展项目,江苏省苏州市,苏州市虎丘山风景名胜区管理处,120.5861144,31.33874502,120.5754615,31.33473563
102,103,盆景技艺（如皋盆景）,江苏省,传统美术,扩展项目,江苏省如皋市,如皋市花木盆景产业联合会,120.5671921,32.34731655,120.5563447,32.34368607
103,104,发绣（东台发绣）,江苏省,传统美术,新增项目,江苏省盐城市东台市,东台市发绣协会,120.3196972,32.85728493,120.3084097,32.85338323
104,105,水晶雕刻（东海水晶雕刻）,江苏省,传统美术,新增项目,江苏省连云港市东海县,江苏省水晶文化研究会,118.7766877,34.5251181,118.7647479,34.5202455
105,106,瓷刻（大丰瓷刻）,江苏省,传统美术,新增项目,江苏省盐城市大丰区,盐城市大丰区瓷刻世家工艺厂,120.5074388,33.20475985,120.4964224,33.20024116
106,107,宜兴紫砂陶制作技艺,江苏省,传统技艺,新增项目,江苏省宜兴市,宜兴市陶瓷行业协会,119.8383579,31.26495766,119.8269846,31.26138175
107,108,南京云锦木机妆花手工织造技艺,江苏省,传统技艺,新增项目,江苏省南京市,南京云锦研究所有限公司,118.7513694,32.04196391,118.7395577,32.03834257
108,109,南京云锦木机妆花手工织造技艺,江苏省,传统技艺,扩展项目,江苏汉唐织锦科技有限公司,江苏汉唐织锦科技有限公司,118.7368874,32.00302549,118.7251077,31.99937244
109,110,宋锦织造技艺,江苏省,传统技艺,新增项目,江苏省苏州市,苏州丝绸博物馆,120.624708,31.3290379,120.6140818,31.32499761
110,111,苏州缂丝织造技艺,江苏省,传统技艺,新增项目,江苏省苏州市,苏州王金山大师缂丝工作室有限公司,120.6661677,30.91065469,120.6553747,30.90734705
111,112,南通蓝印花布印染技艺,江苏省,传统技艺,新增项目,江苏省南通市,南通蓝印花布艺术馆,120.8619924,32.03342839,120.8513077,32.02932288
112,113,香山帮传统建筑营造技艺,江苏省,传统技艺,新增项目,江苏省苏州市,苏州香山工坊建设投资发展有限公司,120.4302697,31.24341977,120.4190104,31.23962616
113,114,苏州御窑金砖制作技艺,江苏省,传统技艺,新增项目,江苏省苏州市,苏州陆慕御窑金砖厂,120.6112014,31.54291525,120.6006221,31.53869581
114,115,南京金箔锻制技艺,江苏省,传统技艺,新增项目,江苏省南京市,南京金线金箔总厂,119.0598721,32.17168516,119.0480064,32.16732285
115,116,明式家具制作技艺,江苏省,传统技艺,新增项目,江苏省苏州市,苏州红木雕刻厂有限公司,120.505672,31.24482886,120.4947902,31.24065778
116,117,家具制作技艺（精细木作技艺）,江苏省,传统技艺,扩展项目,江苏工美红木文化艺术研究所,江苏工美红木文化艺术研究所,119.967398,31.78217694,119.9561537,31.77841654
117,118,扬州漆器髹饰技艺,江苏省,传统技艺,新增项目,江苏省扬州市,扬州漆器厂有限责任公司,119.3836246,32.35374274,119.3716944,32.34950643
118,119,镇江恒顺香醋酿制技艺,江苏省,传统技艺,新增项目,江苏省镇江市,江苏恒顺醋业股份有限公司,119.4844161,32.11323321,119.4725735,32.1094179
119,120,雕版印刷技艺,江苏省,传统技艺,新增项目,江苏省扬州市,扬州广陵古籍刻印社有限公司,119.4547083,32.40356,119.4427144,32.39977596
120,121,金陵刻经印刷技艺,江苏省,传统技艺,新增项目,江苏省南京市,金陵刻经处,118.797478,32.043335,118.7858753,32.03908043
121,122,制扇技艺,江苏省,传统技艺,新增项目,江苏省苏州市,苏州如意檀香扇有限公司,120.6304319,31.32922914,120.6197754,31.32527974
122,123,剧装戏具制作技艺,江苏省,传统技艺,新增项目,江苏省苏州市,苏州剧装戏具合作公司,120.620458,31.31787091,120.609862,31.31378098
123,124,风筝制作技艺（南通板鹞风筝）,江苏省,传统技艺,新增项目,江苏省南通市,南通市文化馆（南通市非物质文化遗产保护中心）,120.9015917,31.98654943,120.890784,31.98307057
124,125,陶器烧制技艺（宜兴均陶制作技艺） ,江苏省,传统技艺,扩展项目,江苏省宜兴市,宜兴均陶工艺有限公司,113.9733152,22.69344189,113.9618713,22.69043715
125,126,传统棉纺织技艺（南通色织土布技艺）,江苏省,传统技艺,扩展项目,江苏省南通市,南通百草千花土布研究所,120.9015917,31.98654943,120.890784,31.98307057
126,127,地毯织造技艺（如皋丝毯织造技艺）,江苏省,传统技艺,扩展项目,江苏省南通市如皋市,如皋市博艺丝毯有限公司,120.5690987,32.39538491,120.558269,32.39172565
127,128,金银细工制作技艺,江苏省,传统技艺,新增项目,江苏省南京市,江苏宝庆珠宝有限公司,118.8006704,32.04457797,118.7890775,32.04030531
128,129,金银细工制作技艺,江苏省,传统技艺,新增项目,江苏省江都市,扬州市江都区工艺美术家协会,119.576603,32.44029451,119.5649934,32.43682452
129,130,民族乐器制作技艺（苏州民族乐器制作技艺）,江苏省,传统技艺,新增项目,江苏省苏州市,苏州民族乐器一厂有限公司,120.6240902,31.31684424,120.6134798,31.3128027
130,131,装裱修复技艺（苏州书画装裱修复技艺）,江苏省,传统技艺,扩展项目,江苏省苏州市,苏州博物馆（苏州民俗博物馆、苏州工艺美术博物馆）,120.6343167,31.32905864,120.6236376,31.32517679
131,132,传统木船制造技艺,江苏省,传统技艺,新增项目,江苏省兴化市,兴化市竹泓木船文化产业有限公司,119.9874287,32.88864645,119.9761161,32.88437431
132,133,蒸馏酒传统酿造技艺（洋河酒酿造技艺）,江苏省,传统技艺,扩展项目,江苏省宿迁市,江苏洋河酒厂股份有限公司,118.3566692,33.7729614,118.3445513,33.76822956
133,134,酿造酒传统酿造技艺（封缸酒传统酿造技艺）,江苏省,传统技艺,新增项目,江苏省金坛市,常州市金坛区非物质文化遗产保护中心（常州市金坛区书画院）,119.5941064,31.72805664,119.5825886,31.72452442
134,135,酿造酒传统酿造技艺（封缸酒传统酿造技艺）,江苏省,传统技艺,新增项目,江苏省丹阳市,江苏省丹阳酒厂有限公司,119.6754258,31.95543301,119.6639299,31.95150555
135,136,绿茶制作技艺（碧螺春制作技艺）,江苏省,传统技艺,扩展项目,江苏省苏州市吴中区,苏州市吴中区洞庭山碧螺春茶业协会,120.6268813,31.26980272,120.6162559,31.26582078
136,137,绿茶制作技艺（雨花茶制作技艺）,江苏省,传统技艺,扩展项目,江苏省南京市,南京盛峰茶业有限公司,118.8540744,32.04383561,118.8424209,32.04028115
137,138,晒盐技艺（淮盐制作技艺） ,江苏省,传统技艺,扩展项目,江苏省连云港市,连云港市工业投资集团有限公司,119.1865481,34.60138584,119.174472,34.59617554
138,139,茶点制作技艺（富春茶点制作技艺）,江苏省,传统技艺,新增项目,江苏省扬州市,扬州富春饮服集团有限公司富春茶社,119.4504732,32.40626647,119.4384797,32.40242074
139,140,素食制作技艺（绿柳居素食烹制技艺）,江苏省,传统技艺,扩展项目,江苏省南京市,南京金都饮食服务有限公司,118.8024217,32.06465289,118.7908148,32.06037418
140,141,国画颜料制作技艺（姜思序堂国画颜料制作技艺）,江苏省,传统技艺,新增项目,江苏省苏州市,苏州姜思序堂国画颜料有限公司,120.7443967,31.37043843,120.7335697,31.36620054
141,142,毛笔制作技艺（扬州毛笔制作技艺）,江苏省,传统技艺,新增项目,江苏省江都市,扬州市江都区国画笔厂,119.7077101,32.39866973,119.6960517,32.39512957
142,143,传统造园技艺（扬州园林营造技艺）,江苏省,传统技艺,新增项目,江苏省扬州市,扬州古典园林建设有限公司,119.4603411,32.43252299,119.4483257,32.4287898
143,144,脂粉制作技艺（谢馥春脂粉制作技艺）,江苏省,传统技艺,新增项目,江苏省扬州市,江苏谢馥春国妆股份有限公司,119.4527085,32.40343372,119.4407158,32.39962259
144,145,中医诊疗法（丁氏痔科医术）,江苏省,传统医药,扩展项目,江苏省南京市秦淮区,南京市中医院,118.6354147,32.07020436,118.6237794,32.06672336
145,146,中医诊疗法（扬州传统修脚术）,江苏省,传统医药,扩展项目,江苏省扬州市,扬州陆琴脚艺三把刀发展有限公司,119.4425708,32.40356526,119.4305968,32.39958009
146,147,中医传统制剂方法（雷允上六神丸制作技艺）,江苏省,传统医药,扩展项目,江苏省苏州市,雷允上药业集团有限公司,120.5806087,31.26329014,120.5699383,31.25940525
147,148,中医传统制剂方法（致和堂膏滋药制作技艺）,江苏省,传统医药,扩展项目,江苏省江阴市,江苏大众医药连锁有限公司,119.4458173,32.21706316,119.4338422,32.21312894
148,149,中医传统制剂方法（季德胜蛇药制作技艺）,江苏省,传统医药,扩展项目,江苏省南通市,精华制药集团股份有限公司,120.936069,32.00488299,120.9253427,32.00105338
149,150,中医传统制剂方法（王氏保赤丸制作技艺）,江苏省,传统医药,扩展项目,江苏省南通市,精华制药集团股份有限公司,120.936069,32.00488299,120.9253427,32.00105338
150,151,清明节（溱潼会船）,江苏省,民俗,扩展项目,江苏省姜堰市,泰州市姜堰区文化馆,120.1399678,32.52810413,120.1285895,32.52370064
151,152,清明节（茅山会船）,江苏省,民俗,扩展项目,江苏省兴化市,兴化市关注文化传播中心,119.8575141,32.91782421,119.8461132,32.91378591
152,153,端午节（苏州端午习俗）,江苏省,民俗,新增项目,江苏省苏州市,苏州市姑苏区文化馆,120.5827152,31.31478075,120.5720672,31.31084197
153,154,秦淮灯会,江苏省,民俗,新增项目,江苏省南京市,南京市秦淮区文化馆,118.7942916,32.027884,118.7826901,32.02365653
154,155,苏州f直水乡妇女服饰,江苏省,民俗,新增项目,江苏省苏州市,苏州市吴中区f直镇文体教育服务中心（苏州市吴中区f直镇党校）,120.878443,31.27392014,120.8677669,31.27013715
155,156,庙会（泰伯庙会） ,江苏省,民俗,扩展项目,江苏省无锡市,无锡市新吴区泰伯庙文物保护所,120.4414669,31.54823528,120.4302611,31.54427883
156,157,庙会（苏州轧神仙庙会）,江苏省,民俗,扩展项目,江苏省苏州市姑苏区,苏州市姑苏区文化馆,120.5827152,31.31478075,120.5720672,31.31084197
157,158,庙会（金村庙会）,江苏省,民俗,扩展项目,江苏省张家港市,张家港市塘桥镇文化体育服务中心（塘桥镇党校）,120.6413586,31.82260155,120.6305832,31.81880241
158,159,庙会（圣堂庙会）,江苏省,民俗,扩展项目,江苏省苏州市相城区,苏州市阳澄湖生态休闲旅游度假区综合服务中心（招商服务中心）,120.7877044,31.46837769,120.7767336,31.46470367
159,160,抬阁（芯子、铁枝、飘色）（金坛抬阁）,江苏省,民俗,新增项目,江苏省金坛市,常州市金坛区文化馆,119.590209,31.74842099,119.578697,31.74491504
160,161,徐州伏羊食俗,江苏省,民俗,新增项目,江苏省徐州市,徐州文化馆,117.1857991,34.27053198,117.1734175,34.26609482
0,1,白蛇传传说,浙江省,民间文学,新增项目,浙江省杭州市,杭州市文化馆（杭州市非物质文化遗产保护中心）,120.177442,30.25790403,120.1662039,30.25458171
1,2,梁祝传说,浙江省,民间文学,新增项目,浙江省宁波市,宁波梁祝文化园管理有限公司,121.6283105,29.861032,121.6176411,29.85802172
2,3,梁祝传说,浙江省,民间文学,新增项目,浙江省杭州市,杭州市文化馆（杭州市非物质文化遗产保护中心）,120.177442,30.25790403,120.1662039,30.25458171
3,4,梁祝传说,浙江省,民间文学,新增项目,浙江省上虞市,绍兴市上虞区文化馆（区非物质遗产保护中心）,120.8625858,30.03792992,120.8520269,30.03428193
4,5,西施传说,浙江省,民间文学,新增项目,浙江省诸暨市,诸暨市博物馆,120.2534083,29.71493465,120.2425683,29.71108518
5,6,济公传说,浙江省,民间文学,新增项目,浙江省天台县,台州市天台山文化研究会,121.0405244,29.15075652,121.0296417,29.14769886
6,7,西湖传说,浙江省,民间文学,新增项目,浙江省杭州市,杭州图书馆,120.214775,30.25234206,120.2037195,30.24879775
7,8,刘伯温传说,浙江省,民间文学,新增项目,浙江省文成县,文成县非物质文化遗产保护中心,120.1008257,27.79254686,120.0897396,27.78949435
8,9,刘伯温传说,浙江省,民间文学,新增项目,浙江省青田县,青田县刘基研究会,120.2965733,28.14548756,120.2856878,28.14303152
9,10,黄初平（黄大仙）传说,浙江省,民间文学,新增项目,浙江省金华市,金华黄大仙文化研究会,119.6320517,29.16868639,119.6209224,29.16536579
10,11,观音传说,浙江省,民间文学,新增项目,浙江省舟山市,舟山市普陀山风景名胜区管理委员会,122.3976078,30.00797589,122.3868726,30.00389742
11,12,徐福东渡传说,浙江省,民间文学,新增项目,浙江省象山县,象山县文化馆,110.2892943,25.27234592,110.2783025,25.26886436
12,13,徐福东渡传说,浙江省,民间文学,新增项目,浙江省慈溪市,慈溪市徐福研究会,121.5226176,30.09142067,121.5117974,30.08815957
13,14,徐文长故事,浙江省,民间文学,新增项目,浙江省绍兴市,绍兴市文化馆、绍兴市非物质文化遗产保护中心,120.5864075,30.00261018,120.5758762,29.99906736
14,15,童谣（绍兴童谣）,浙江省,民间文学,扩展项目,浙江省绍兴市,绍兴市文化馆、绍兴市非物质文化遗产保护中心,120.5864075,30.00261018,120.5758762,29.99906736
15,16,防风传说,浙江省,民间文学,新增项目,浙江省德清县,德清县文化馆,119.9899545,30.52941443,119.978837,30.52563261
16,17,布袋和尚传说,浙江省,民间文学,新增项目,浙江省奉化市,宁波市奉化区文化馆,121.4221378,29.67722784,121.4111297,29.67341434
17,18,钱王传说,浙江省,民间文学,新增项目,浙江省临安市,杭州市临安区文化馆（杭州市临安区非物质文化遗产保护中心）,119.7261668,30.23534092,119.7147386,30.23200951
18,19,苏东坡传说,浙江省,民间文学,新增项目,浙江省杭州市,杭州西湖博物馆总馆（西湖学研究院、杭州西湖风景名胜区网宣中心）,120.1647513,30.2473752,120.1535293,30.24386293
19,20,王羲之传说,浙江省,民间文学,新增项目,浙江省绍兴市,绍兴市文化馆、绍兴市非物质文化遗产保护中心,120.5864075,30.00261018,120.5758762,29.99906736
20,21,烂柯山的传说,浙江省,民间文学,新增项目,浙江省衢州市,衢州市文化馆（衢州市非物质文化遗产保护中心）,118.5205686,28.90380978,118.5091076,28.90111706
21,22,海洋动物故事,浙江省,民间文学,新增项目,浙江省洞头县,温州市洞头区民间文艺工作者协会,121.1635486,27.84187032,121.1527207,27.83918375
22,23,刘阮传说,浙江省,民间文学,新增项目,浙江省天台县,台州市天台山文化研究会,121.0405244,29.15075652,121.0296417,29.14769886
23,24,常山喝彩歌谣,浙江省,民间文学,新增项目,浙江省常山县,常山县文化馆,118.5205686,28.90380978,118.5091076,28.90111706
24,25,畲族民歌,浙江省,传统音乐,扩展项目,浙江省景宁畲族自治县,景宁畲族自治县文物和非遗保护中心,119.6424303,27.97955397,119.6313954,27.97660354
25,26,畲族民歌,浙江省,传统音乐,扩展项目,浙江省泰顺县,泰顺县非物质文化遗产保护中心（泰顺县廊桥申遗和保护研究中心）,119.7207762,27.56036987,119.7095583,27.55785957
26,27,古琴艺术（浙派）,浙江省,传统音乐,扩展项目,浙江省杭州市,杭州市文化馆（杭州市非物质文化遗产保护中心）,120.177442,30.25790403,120.1662039,30.25458171
27,28,江南丝竹,浙江省,传统音乐,扩展项目,浙江省杭州市,杭州艺术学校,120.1646111,30.32135271,120.1533983,30.31783426
28,29,嵊州吹打,浙江省,传统音乐,新增项目,浙江省嵊州市,嵊州市文化旅游产业发展中心（嵊州市非物质文化遗产保护中心、嵊州市越剧文化生态保护区服务中心）,120.832403,29.591258,120.8218489,29.58759219
29,30,舟山锣鼓,浙江省,传统音乐,新增项目,浙江省舟山市,舟山市定海区非物质文化遗产保护中心,122.1136008,30.02546238,122.1026398,30.02205265
30,31,十番音乐（楼塔细十番）,浙江省,传统音乐,扩展项目,浙江省杭州市,杭州市萧山区楼塔细十番协会,120.2704706,30.18751122,120.2595381,30.18385489
31,32,十番音乐（遂昌昆曲十番）,浙江省,传统音乐,扩展项目,浙江省遂昌县,遂昌县非物质文化遗产保护中心,119.2816049,28.58984886,119.2701999,28.58667918
32,33,嘉善田歌,浙江省,传统音乐,新增项目,浙江省嘉善县,嘉善县文化馆,120.888669,30.82810388,120.878002,30.82475673
33,34,海洋号子（舟山渔民号子）,浙江省,传统音乐,新增项目,浙江省岱山县,岱山县文化馆（岱山县非物质文化遗产保护中心）,122.211069,30.25251302,122.2003155,30.24915607
34,35,海洋号子（象山渔民号子）,浙江省,传统音乐,扩展项目,浙江省象山县,象山县石浦文化馆,121.9469564,29.20670682,121.9365123,29.20339226
35,36,琵琶艺术（平湖派）,浙江省,传统音乐,新增项目,浙江省平湖市,平湖市非物质文化遗产保护管理中心,121.0225753,30.682241,121.0116042,30.67888233
36,37,道教音乐（东岳观道教音乐）,浙江省,传统音乐,扩展项目,浙江省平阳县,平阳县非物质文化遗产保护中心,120.5698109,27.6698582,120.5593545,27.66733487
37,38,道教音乐（苍南正一派科仪音乐） ,浙江省,传统音乐,扩展项目,浙江省苍南县,苍南县玉音乐团,120.4335951,27.52306679,120.4226556,27.52042078
38,39,渔歌（嵊泗渔歌）,浙江省,传统音乐,扩展项目,浙江省舟山市嵊泗县,嵊泗县文化馆,122.4630016,30.73727447,122.4520922,30.73379473
39,40,龙舞（浦江板凳龙）,浙江省,传统舞蹈,新增项目,浙江省浦江县,浦江县非物质文化遗产保护中心,119.8984361,29.45869285,119.8875005,29.45516115
40,41,龙舞（长兴百叶龙）,浙江省,传统舞蹈,新增项目,浙江省长兴县,长兴县文化馆,119.9113361,31.01464651,119.9002353,31.01089435
41,42,龙舞（奉化布龙）,浙江省,传统舞蹈,新增项目,浙江省奉化市,宁波市奉化区文化馆,121.4221378,29.67722784,121.4111297,29.67341434
42,43,龙舞（兰溪断头龙）,浙江省,传统舞蹈,扩展项目,浙江省兰溪市,兰溪市畲乡风情旅游发展有限公司,119.4610881,29.20860417,119.4493785,29.20556252
43,44,龙舞（碇步龙）,浙江省,传统舞蹈,扩展项目,浙江省泰顺县,泰顺县非物质文化遗产保护中心（泰顺县廊桥申遗和保护研究中心）,119.7207762,27.56036987,119.7095583,27.55785957
44,45,龙舞（开化香火草龙）,浙江省,传统舞蹈,扩展项目,浙江省开化县,开化县非物质文化遗产保护中心,118.4214593,29.14318752,118.4097893,29.13972635
45,46,龙舞（坎门花龙）,浙江省,传统舞蹈,扩展项目,浙江省玉环县,玉环市坎门花龙活动中心,121.2670535,28.120105,121.2562702,28.11770804
46,47,龙舞（鳌江划大龙）,浙江省,传统舞蹈,扩展项目,浙江省平阳县,平阳县鳌江大龙文化研究会,120.5651797,27.59903579,120.5547038,27.5965805
47,48,狮舞（黄沙狮子）,浙江省,传统舞蹈,新增项目,浙江省临海市,临海市黄沙狮子传习所,121.1515853,28.86404933,121.1406196,28.8612513
48,49,盾牌舞（藤牌舞）,浙江省,传统舞蹈,扩展项目,浙江省瑞安市,瑞安市非物质文化遗产保护中心,120.6415381,27.78099686,120.6310876,27.77845186
49,50,余杭滚灯,浙江省,传统舞蹈,新增项目,浙江省杭州市余杭区,杭州市临平区文化馆,120.2994343,30.39126473,120.2883384,30.38800028
50,51,滚灯（海盐滚灯）,浙江省,传统舞蹈,扩展项目,浙江省海盐县,海盐县非物质文化遗产保护中心,120.9575134,30.53336903,120.9469186,30.5295656
51,52,鼓舞（大奏鼓）,浙江省,传统舞蹈,新增项目,浙江省温岭市,温岭市石塘镇里箬村股份经济合作社,121.597515,28.26448113,121.5870381,28.26193044
52,53,竹马（淳安竹马）,浙江省,传统舞蹈,扩展项目,浙江省淳安县,淳安县博物馆（淳安县文物保护管理所、淳安县非物质文化遗产保护中心）,119.0521358,29.61746533,119.0405574,29.61352934
53,54,灯舞（青田鱼灯舞）,浙江省,传统舞蹈,新增项目,浙江省青田县,青田县非物质文化遗产研究保护中心,120.2965733,28.14548756,120.2856878,28.14303152
54,55,灯舞（上舍化龙灯）,浙江省,传统舞蹈,扩展项目,浙江省安吉县,安吉县梅溪镇上舍村股份经济合作社,119.8704384,30.71366458,119.859354,30.70991608
55,56,灯舞（青田百鸟灯舞）,浙江省,传统舞蹈,扩展项目,浙江省青田县,青田县非物质文化遗产研究保护中心,120.2965733,28.14548756,120.2856878,28.14303152
56,57,十八蝴蝶,浙江省,传统舞蹈,新增项目,浙江省永康市,永康市民间艺术表演协会,120.0545507,28.89420397,120.0433234,28.89135566
57,58,昆曲,浙江省,传统戏剧,新增项目,浙江省,永嘉昆剧团（浙江永嘉昆曲传习所）,120.6990475,28.15647024,120.6885113,28.15373614
58,59,高腔（西安高腔）,浙江省,传统戏剧,新增项目,浙江省衢州市,衢州市西安高腔传习所,125.1553733,42.93330842,125.1426066,42.92447691
59,60,高腔（松阳高腔）,浙江省,传统戏剧,新增项目,浙江省松阳县,松阳县文化馆,119.4849247,28.45376084,119.4733991,28.45114092
60,61,新昌调腔,浙江省,传统戏剧,新增项目,浙江省新昌县,新昌县调腔保护传承发展中心,120.9105697,29.50554108,120.8999833,29.50262779
61,62,宁海平调,浙江省,传统戏剧,新增项目,浙江省宁海县,宁海县平调艺术传承中心,121.4435514,29.30716466,121.4326637,29.30329016
62,63,乱弹,浙江省,传统戏剧,新增项目,浙江省台州市,浙江台州乱弹剧团,121.4572655,28.67971938,121.4464666,28.67639759
63,64,乱弹,浙江省,传统戏剧,新增项目,浙江省浦江县,浦江县文化馆,119.9068537,29.47847434,119.8959163,29.47505726
64,65,乱弹（诸暨西路乱弹）,浙江省,传统戏剧,扩展项目,浙江省诸暨市,诸暨市博物馆,120.2534083,29.71493465,120.2425683,29.71108518
65,66,越剧,浙江省,传统戏剧,新增项目,浙江省,嵊州市越剧艺术保护传承中心,120.8261105,29.59584326,120.8155242,29.59225846
66,67,目连戏（绍兴目连戏） ,浙江省,传统戏剧,扩展项目,浙江省绍兴市,绍兴市文化馆、绍兴市非物质文化遗产保护中心,120.5864075,30.00261018,120.5758762,29.99906736
67,68,皮影戏（海宁皮影戏）,浙江省,传统戏剧,新增项目,浙江省海宁市,海宁市文化馆（海宁市非物质文化遗产保护中心）,120.6861178,30.51318543,120.6753375,30.5098485
68,69,木偶戏（泰顺药发木偶戏）,浙江省,传统戏剧,新增项目,浙江省泰顺县,泰顺县非物质文化遗产保护中心（泰顺县廊桥申遗和保护研究中心）,119.7207762,27.56036987,119.7095583,27.55785957
69,70,木偶戏（平阳木偶戏）,浙江省,传统戏剧,扩展项目,浙江省平阳县,平阳木偶戏保护传承中心,120.5782555,27.66408666,120.567845,27.66141566
70,71,木偶戏（单档布袋戏）,浙江省,传统戏剧,扩展项目,浙江省苍南县,苍南县非物质文化遗产保护中心,120.4335951,27.52306679,120.4226556,27.52042078
71,72,木偶戏（泰顺提线木偶戏）,浙江省,传统戏剧,扩展项目,浙江省泰顺县,泰顺县非物质文化遗产保护中心（泰顺县廊桥申遗和保护研究中心）,119.7207762,27.56036987,119.7095583,27.55785957
72,73,木偶戏（廿八都木偶戏）,浙江省,传统戏剧,扩展项目,浙江省江山市,江山市文化馆（江山市非物质文化遗产保护中心）,118.6337014,28.74159558,118.6223704,28.73920717
73,74,瓯剧,浙江省,传统戏剧,新增项目,浙江省温州市,温州市瓯剧艺术研究院,120.68857,28.00856456,120.6779943,28.00602111
74,75,甬剧,浙江省,传统戏剧,新增项目,浙江省宁波市,宁波市甬剧团有限公司,121.6308428,29.86606812,121.6201705,29.86304669
75,76,姚剧,浙江省,传统戏剧,新增项目,浙江省余姚市,余姚市姚剧保护传承中心,121.1605851,30.04273464,121.1495409,30.03932107
76,77,绍剧,浙江省,传统戏剧,新增项目,浙江省绍兴市,浙江绍剧艺术研究院,120.166328,30.21596719,120.1551274,30.21249156
77,78,婺剧,浙江省,传统戏剧,新增项目,浙江省金华市,浙江婺剧艺术研究院（浙江婺剧团）,120.166328,30.21596719,120.1551274,30.21249156
78,79,婺剧,浙江省,传统戏剧,新增项目,浙江省江山市,江山婺剧研究院,118.6338947,28.74140397,118.6225635,28.73901408
79,80,醒感戏,浙江省,传统戏剧,新增项目,浙江省永康市,永康市民间艺术表演协会,120.0545507,28.89420397,120.0433234,28.89135566
80,81,湖剧,浙江省,传统戏剧,新增项目,浙江省湖州市,湖州市文化馆（湖州市非物质文化遗产保护中心）,120.110394,30.87392885,120.09908,30.86974164
81,82,淳安三角戏,浙江省,传统戏剧,新增项目,浙江省淳安县,淳安县文化馆,119.0521462,29.61745709,119.0405678,29.61352113
82,83,苏州评弹（苏州评话、苏州弹词）,浙江省,曲艺,扩展项目,浙江曲艺杂技总团,浙江曲艺杂技总团有限公司,120.166328,30.21596719,120.1551274,30.21249156
83,84,温州鼓词,浙江省,曲艺,新增项目,浙江省瑞安市,瑞安市非物质文化遗产保护中心,120.6415381,27.78099686,120.6310876,27.77845186
84,85,温州鼓词,浙江省,曲艺,扩展项目,浙江省平阳县,平阳县非物质文化遗产保护中心,120.5698109,27.6698582,120.5593545,27.66733487
85,86,绍兴平湖调,浙江省,曲艺,新增项目,浙江省绍兴市,绍兴市文化馆、绍兴市非物质文化遗产保护中心,120.5864075,30.00261018,120.5758762,29.99906736
86,87,兰溪摊簧,浙江省,曲艺,新增项目,浙江省兰溪市,兰溪市文化馆（兰溪市非物质文化遗产保护中心）,119.4665987,29.21404435,119.4549054,29.21102649
87,88,摊簧（杭州摊簧）,浙江省,曲艺,扩展项目,浙江省杭州市,杭州滑稽艺术剧院演艺有限公司,120.1749864,30.24261112,120.163763,30.23926533
88,89,摊簧（绍兴摊簧）,浙江省,曲艺,扩展项目,浙江省绍兴市,绍兴市文化馆、绍兴市非物质文化遗产保护中心,120.5864075,30.00261018,120.5758762,29.99906736
89,90,绍兴莲花落,浙江省,曲艺,新增项目,浙江省绍兴县,绍兴市柯桥区文化馆（绍兴市柯桥区非物质文化遗产保护中心）,120.4991849,30.08358404,120.488427,30.07973965
90,91,小热昏,浙江省,曲艺,新增项目,浙江省杭州市,杭州滑稽艺术剧院演艺有限公司,120.1749864,30.24261112,120.163763,30.23926533
91,92,杭州评词,浙江省,曲艺,新增项目,浙江省杭州市,杭州滑稽艺术剧院演艺有限公司,120.1749864,30.24261112,120.163763,30.23926533
92,93,杭州评话,浙江省,曲艺,新增项目,浙江省杭州市,杭州滑稽艺术剧院演艺有限公司,120.1749864,30.24261112,120.163763,30.23926533
93,94,绍兴词调,浙江省,曲艺,新增项目,浙江省绍兴市,绍兴市文化馆、绍兴市非物质文化遗产保护中心,120.5864075,30.00261018,120.5758762,29.99906736
94,95,临海词调,浙江省,曲艺,新增项目,浙江省临海市,临海市临海词调传习所,121.1267679,28.85121797,121.1157986,28.84823077
95,96,四明南词,浙江省,曲艺,新增项目,浙江省宁波市,宁波市海曙区文化馆,121.560387,29.87346684,121.5498357,29.86971459
96,97,平湖钹子书,浙江省,曲艺,新增项目,浙江省平湖市,平湖市非物质文化遗产保护管理中心,121.0225753,30.682241,121.0116042,30.67888233
97,98,宁波走书,浙江省,曲艺,新增项目,浙江省宁波市鄞州区,宁波市鄞州区咸祥镇咸六村,121.7954275,29.69101371,121.7847832,29.68720229
98,99,宁波走书,浙江省,曲艺,新增项目,浙江省奉化市,宁波市奉化区文化馆,121.4221378,29.67722784,121.4111297,29.67341434
99,100,独脚戏,浙江省,曲艺,新增项目,浙江省杭州市,杭州滑稽艺术剧院演艺有限公司,120.1749864,30.24261112,120.163763,30.23926533
100,101,金华道情,浙江省,曲艺,新增项目,浙江省金华市,金华市非遗保护和信息中心,120.248002,29.2961618,120.2371756,29.29246898
101,102,金华道情,浙江省,曲艺,新增项目,浙江省义乌市,义乌市文化馆（义乌市非物质文化遗产保护中心）,120.062366,29.32684967,120.0510412,29.32370388
102,103,武林调,浙江省,曲艺,新增项目,浙江省杭州市,杭州滑稽艺术剧院演艺有限公司,120.1749864,30.24261112,120.163763,30.23926533
103,104,绍兴宣卷,浙江省,曲艺,新增项目,浙江省绍兴县,绍兴市柯桥区文化馆（绍兴市柯桥区非物质文化遗产保护中心）,120.4991849,30.08358404,120.488427,30.07973965
104,105,温州莲花,浙江省,曲艺,新增项目,浙江省温州市鹿城区,温州市温馨瓯韵说唱团,120.7320866,27.99692046,120.7215536,27.99381675
105,106,温州莲花,浙江省,曲艺,新增项目,浙江省永嘉县,永嘉县文化遗产保护传承中心,120.6885241,28.15645033,120.6779627,28.15393045
106,107,永康鼓词,浙江省,曲艺,新增项目,浙江省永康市,永康市民间艺术表演协会,120.0545507,28.89420397,120.0433234,28.89135566
107,108,唱新闻,浙江省,曲艺,新增项目,浙江省象山县,象山县文化馆,110.2892943,25.27234592,110.2783025,25.26886436
108,109,丽水鼓词,浙江省,曲艺,新增项目,浙江省丽水市莲都区 ,丽水市莲都区文化馆（莲都区非物质文化遗产保护中心）,119.9317042,28.470709,119.9207193,28.46836611
109,110,三跳（湖州三跳）,浙江省,曲艺,新增项目,浙江省湖州市,湖州市文化馆、湖州市非物质文化遗产保护中心,120.110394,30.87392885,120.09908,30.86974164
110,111,线狮（九狮图）,浙江省,"传统体育、
游艺与杂技",扩展项目,浙江省永康市,永康市民间艺术表演协会,120.0545507,28.89420397,120.0433234,28.89135566
111,112,线狮（九狮图）,浙江省,"传统体育、
游艺与杂技",扩展项目,浙江省仙居县,仙居县文化遗产保护中心,120.7485607,28.86206238,120.7379222,28.858918
112,113,线狮（草塔抖狮子）,浙江省,"传统体育、
游艺与杂技",扩展项目,浙江省诸暨市,诸暨市博物馆,120.2534083,29.71493465,120.2425683,29.71108518
113,114,翻九楼,浙江省,"传统体育、
游艺与杂技",新增项目,浙江省杭州市,杭州市萧山区浦阳镇民间文化研究协会,120.2559346,29.98685253,120.2450781,29.98300146
114,115,翻九楼,浙江省,"传统体育、
游艺与杂技",新增项目,浙江省东阳市,东阳市非物质文化遗产保护中心,120.2535066,29.27003152,120.2427064,29.26638661
115,116,调吊,浙江省,"传统体育、
游艺与杂技",新增项目,浙江省绍兴市,绍兴市金寿昌调吊传习所,120.5900226,30.05765736,120.5794934,30.0540578
116,117,十八般武艺,浙江省,"传统体育、
游艺与杂技",新增项目,浙江省杭州市余杭区,杭州市余杭区文化馆,119.9810076,30.39916641,119.9698803,30.39559185
117,118,迎罗汉,浙江省,"传统体育、
游艺与杂技",新增项目,浙江省缙云县,缙云县非物质文化遗产保护中心,120.0974783,28.66521475,120.0863177,28.66215906
118,119,掼牛,浙江省,"传统体育、
游艺与杂技",新增项目,浙江省嘉兴市南湖区,嘉兴市海华武术馆,120.7681299,30.77726944,120.7572493,30.77376299
119,120,高杆船技,浙江省,"传统体育、
游艺与杂技",新增项目,浙江省桐乡市,桐乡市文化馆（桐乡市非物质文化遗产保护中心、桐乡市子恺画院）,120.5909337,30.64039437,120.5803532,30.63667787
120,121,易筋经（天台山易筋经）,浙江省,"传统体育、
游艺与杂技",新增项目,浙江省台州市天台县,天台山桐柏宫,114.736136,36.54454091,114.7239116,36.53810179
121,122,迎大旗,浙江省,"传统体育、
游艺与杂技",新增项目,浙江省金华市磐安县,磐安县非物质文化遗产保护中心,120.4565131,29.06010318,120.4455898,29.05681241
122,123,剪纸（乐清细纹刻纸）,浙江省,传统美术,新增项目,浙江省乐清市,乐清市文化遗产保护中心,120.9925019,28.11818,120.9819136,28.115391
123,124,剪纸（浦江剪纸）,浙江省,传统美术,扩展项目,浙江省浦江县,浦江县非物质文化遗产保护中心,119.8984361,29.45869285,119.8875005,29.45516115
124,125,剪纸（桐庐剪纸）,浙江省,传统美术,扩展项目,浙江省桐庐县,桐庐县文化发展中心（文化馆、非遗中心）,119.6941876,29.80046156,119.6827751,29.79728911
125,126,金石篆刻（西泠印社）,浙江省,传统美术,新增项目,浙江省杭州市西泠印社,西泠印社社务委员会,120.146125,30.25708306,120.1349265,30.25319953
126,127,青田石雕,浙江省,传统美术,新增项目,浙江省青田县,青田县石雕产业保护和发展局,120.2866058,28.14342517,120.2757559,28.1408497
127,128,宁波朱金漆木雕,浙江省,传统美术,新增项目,浙江省宁波市,宁波市朱金漆木雕文化发展有限公司,121.435925,29.30307213,121.4250155,29.29924049
128,129,乐清黄杨木雕,浙江省,传统美术,新增项目,浙江省乐清市,乐清市文化遗产保护中心,120.9925019,28.11818,120.9819136,28.115391
129,130,东阳木雕,浙江省,传统美术,新增项目,浙江省东阳市,东阳市非物质文化遗产保护中心,120.2535066,29.27003152,120.2427064,29.26638661
130,131,木偶头雕刻（泰顺木偶头雕刻）,浙江省,传统美术,扩展项目,浙江省泰顺县,泰顺县方圆木偶工艺有限公司,119.7235373,27.56217056,119.7123274,27.55961925
131,132,竹刻（黄岩翻簧竹雕）,浙江省,传统美术,扩展项目,浙江省台州市黄岩区,黄岩希望工艺厂,121.2685661,28.65533361,121.2577783,28.65283062
132,133,灯彩（仙居花灯）,浙江省,传统美术,新增项目,浙江省仙居县,仙居县文化遗产保护中心,120.7485607,28.86206238,120.7379222,28.858918
133,134,灯彩（硖石灯彩）,浙江省,传统美术,新增项目,浙江省海宁市,海宁市文化馆（海宁市非物质文化遗产保护中心）,120.6861178,30.51318543,120.6753375,30.5098485
134,135,灯彩（乐清首饰龙）,浙江省,传统美术,扩展项目,浙江省乐清市,乐清市文化遗产保护中心,120.9925019,28.11818,120.9819136,28.115391
135,136,嵊州竹编,浙江省,传统美术,新增项目,浙江省嵊州市,嵊州市文化旅游产业发展中心（嵊州市非物质文化遗产保护中心、嵊州市越剧文化生态保护区服务中心）,120.832403,29.591258,120.8218489,29.58759219
136,137,竹编（东阳竹编）,浙江省,传统美术,扩展项目,浙江省东阳市,东阳市工艺美术行业协会,120.2484219,29.29586107,120.2375961,29.29216935
137,138,石雕（鸡血石雕）,浙江省,传统美术,新增项目,浙江省临安市,浙江省昌化石雕厂,119.224435,30.16856862,119.2127144,30.16537555
138,139,锡雕,浙江省,传统美术,新增项目,浙江省永康市,浙江荣盛达锡制品有限公司,120.166328,30.21596719,120.1551274,30.21249156
139,140,龙档（乐清龙档）,浙江省,传统美术,新增项目,浙江省乐清市,乐清市黄家龙档木雕艺术研究所,121.1111828,28.54119169,121.1003303,28.53810328
140,141,麦秆剪贴,浙江省,传统美术,新增项目,浙江省浦江县,浦江云花工艺美术有限公司,119.8901062,29.45573133,119.8791705,29.45213408
141,142,瓯绣,浙江省,传统美术,新增项目,浙江省温州市,温州市工艺美术研究院,120.6688921,28.00939065,120.6583068,28.00709805
142,143,瓯塑,浙江省,传统美术,新增项目,浙江省温州市,浙江云艺装饰有限公司,120.166328,30.21596719,120.1551274,30.21249156
143,144,镶嵌（彩石镶嵌）,浙江省,传统美术,新增项目,浙江省温州市鹿城区,温州崇林斋工艺品有限公司,120.7064769,28.0010854,120.6959406,27.99818159
144,145,镶嵌（彩石镶嵌）,浙江省,传统美术,新增项目,浙江省温州市瓯海区,温州市瓯海区文化馆,120.623709,27.97229897,120.6133358,27.96948426
145,146,镶嵌（彩石镶嵌）,浙江省,传统美术,新增项目,浙江省仙居县,仙居县文化遗产保护中心,120.7485607,28.86206238,120.7379222,28.858918
146,147,镶嵌（骨木镶嵌）,浙江省,传统美术,新增项目,浙江省宁波市,宁波市鄞州紫林坊艺术馆,121.5575226,29.81636838,121.5469424,29.81263103
147,148,嘉兴灶头画,浙江省,传统美术,新增项目,浙江省嘉兴市,嘉兴市文化馆（嘉兴市非物质文化遗产保护中心）,120.7635518,30.75097483,120.7526809,30.74740168
148,149,宁波金银彩绣,浙江省,传统美术,新增项目,浙江省宁波市鄞州区,宁波金银彩绣有限公司,121.6137629,29.81640645,121.6030961,29.81332669
149,150,宁波泥金彩漆,浙江省,传统美术,新增项目,浙江省宁海县,宁波东方艺术品有限公司,121.6212234,29.82807199,121.6105482,29.82505407
150,151,发绣（温州发绣）,浙江省,传统美术,新增项目,浙江省温州市鹿城区,温州市发绣研究所,120.7010749,27.92362376,120.6905662,27.92081925
151,152,竹根雕（象山竹根雕）,浙江省,传统美术,新增项目,浙江省宁波市象山县,象山德和根艺美术馆,121.8892242,29.4903022,121.8787255,29.48715687
152,153,龙泉青瓷烧制技艺,浙江省,传统技艺,新增项目,浙江省龙泉市,龙泉市非物质文化遗产保护中心（市对外合作交流中心、龙泉青瓷文化传承生态保护区管理中心）,119.1477243,28.07480483,119.1361958,28.07172695
153,154,蓝印花布印染技艺 ,浙江省,传统技艺,扩展项目,浙江省桐乡市 ,桐乡市文化馆（桐乡市非物质文化遗产保护中心、桐乡市子恺画院）,120.5909337,30.64039437,120.5803532,30.63667787
154,155,龙泉宝剑锻制技艺,浙江省,传统技艺,新增项目,浙江省龙泉市,龙泉市非物质文化遗产保护中心（市对外合作交流中心、龙泉青瓷文化传承生态保护区管理中心）,119.1477243,28.07480483,119.1361958,28.07172695
155,156,张小泉剪刀锻制技艺,浙江省,传统技艺,新增项目,浙江省杭州市,杭州张小泉集团有限公司,120.0585972,30.06324106,120.047233,30.05989606
156,157,天台山干漆夹苎技艺,浙江省,传统技艺,新增项目,浙江省天台县,台州传统艺术博物院,121.4274347,28.66219406,121.4165717,28.6589518
157,158,绍兴黄酒酿制技艺,浙江省,传统技艺,新增项目,浙江省绍兴市,绍兴市黄酒行业协会,120.6384115,29.90958439,120.6278054,29.90623728
158,159,皮纸制作技艺（龙游皮纸制作技艺）,浙江省,传统技艺,扩展项目,浙江省龙游县,浙江龙游辰港宣纸有限公司,120.166328,30.21596719,120.1551274,30.21249156
159,160,竹纸制作技艺,浙江省,传统技艺,新增项目,浙江省富阳市,杭州市富阳区富阳竹纸文化保护与传承发展促进会,119.8405322,30.04839312,119.829264,30.04522892
160,161,竹纸制作技艺（泽雅屏纸制作技艺） ,浙江省,传统技艺,扩展项目,浙江省温州市瓯海区,温州市瓯海区文化馆,120.623709,27.97229897,120.6133358,27.96948426
161,162,湖笔制作技艺,浙江省,传统技艺,新增项目,浙江省湖州市,湖州市善琏湖笔厂,120.3253353,30.7026942,120.3142514,30.69915177
162,163,木版水印技艺 ,浙江省,传统技艺,扩展项目,浙江省杭州市下城区 ,杭州十竹斋艺术馆,120.1769512,30.24647763,120.1657246,30.24315368
163,164,雕版印刷技艺（杭州雕版印刷技艺）,浙江省,传统技艺,扩展项目,浙江省杭州市西湖区,杭州黄小建雕版艺术工作室,120.0414721,30.14919855,120.0301742,30.14565035
164,165,制扇技艺（王星记扇）,浙江省,传统技艺,扩展项目,浙江省杭州市,杭州王星记扇业有限公司,120.1647686,30.29689567,120.1535347,30.2933773
165,166,蚕丝织造技艺（余杭清水丝绵制作技艺）,浙江省,传统技艺,新增项目,浙江省杭州市余杭区,杭州市临平区塘栖镇塘北股份经济合作社,120.2175678,30.50261566,120.2065029,30.49897519
166,167,蚕丝织造技艺（杭罗织造技艺）,浙江省,传统技艺,新增项目,浙江省杭州市福兴丝绸厂,杭州福兴丝绸有限公司,120.2620874,30.33121346,120.2511921,30.32741745
167,168,蚕丝织造技艺（双林绫绢织造技艺）,浙江省,传统技艺,新增项目,浙江省湖州市,湖州云鹤双林绫绢有限公司,119.9810227,30.53871719,119.9698957,30.53510843
168,169,蚕丝织造技艺（杭州织锦技艺）,浙江省,传统技艺,扩展项目,浙江省杭州市,杭州都锦生实业有限公司,120.1672229,30.26908439,120.1559791,30.26561158
169,170,蚕丝织造技艺（辑里湖丝手工制作技艺）,浙江省,传统技艺,扩展项目,浙江省湖州市南浔区,湖州市南浔区文化馆,120.4329153,30.85640724,120.421706,30.85282056
170,171,传统棉纺织技艺（余姚土布制作技艺）,浙江省,传统技艺,扩展项目,浙江省余姚市,余姚市小曹娥镇朗海村股份经济合作社,121.0806845,30.21926444,121.0697784,30.21519619
171,172,铜雕技艺,浙江省,传统技艺,新增项目,浙江省杭州市,杭州金星铜工程有限公司,120.252872,30.46541291,120.2419816,30.46149694
172,173,木活字印刷技术,浙江省,传统技艺,新增项目,浙江省瑞安市,瑞安市活字印刷协会,120.6615822,27.78395074,120.6510428,27.78163017
173,174,装裱修复技艺（天一阁古籍修复技艺）,浙江省,传统技艺,扩展项目,浙江省宁波市,宁波市天一阁博物院（宁波市保国寺古建筑博物馆）,121.528185,29.98639394,121.5174122,29.98306088
174,175,传统木船制造技艺,浙江省,传统技艺,新增项目,浙江省舟山市普陀区,浙江岑家木船文化发展有限公司,120.166328,30.21596719,120.1551274,30.21249156
175,176,伞制作技艺（西湖绸伞）,浙江省,传统技艺,新增项目,浙江省杭州市,杭州宋记绸伞有限公司,120.1773074,30.23962058,120.1660885,30.2363027
176,177,酿造酒传统酿造技艺（金华酒传统酿造技艺）,浙江省,传统技艺,新增项目,浙江省金华市,金华酒行业协会,116.4394488,40.02905152,116.4267033,40.02171804
177,178,绿茶制作技艺（西湖龙井）,浙江省,传统技艺,新增项目,浙江省杭州市,杭州市西湖区龙井茶产业协会,120.0587134,30.20058755,120.047353,30.19724412
178,179,绿茶制作技艺（婺州举岩）,浙江省,传统技艺,新增项目,浙江省金华市,浙江采云间茶业有限公司,119.552833,29.10650805,119.5415735,29.10338797
179,180,绿茶制作技艺（紫笋茶制作技艺）,浙江省,传统技艺,扩展项目,浙江省长兴县,长兴县紫笋茶文化研究会,119.9174983,31.03257933,119.9063871,31.02893428
180,181,绿茶制作技艺（安吉白茶制作技艺）,浙江省,传统技艺,扩展项目,浙江省安吉县,安吉白茶小镇茶产业商会,116.8506379,40.37488605,116.8380602,40.36782482
181,182,晒盐技艺（海盐晒制技艺）,浙江省,传统技艺,新增项目,浙江省象山县,宁波信丰泰盐业科技有限公司,121.5264707,29.8815245,121.5156814,29.87821608
182,183,传统面食制作技艺（邵永丰麻饼制作技艺）,浙江省,传统技艺,扩展项目,浙江省衢州市柯城区,浙江邵永丰成正食品有限公司,120.166328,30.21596719,120.1551274,30.21249156
183,184,传统面食制作技艺（缙云烧饼制作技艺）,浙江省,传统技艺,扩展项目,浙江省丽水市缙云县,缙云县缙云烧饼协会,120.1052373,28.77165815,120.094109,28.76839384
184,185,火腿制作技艺（金华火腿腌制技艺）,浙江省,传统技艺,新增项目,浙江省金华市,金华火腿行业协会,121.593955,31.27745485,121.5832688,31.2735913
185,186,木拱桥传统营造技艺,浙江省,传统技艺,新增项目,浙江省庆元县,庆元县文化馆,119.0697818,27.62337432,119.0582394,27.62029746
186,187,木拱桥传统营造技艺,浙江省,传统技艺,新增项目,浙江省泰顺县,泰顺县非物质文化遗产保护中心（泰顺县廊桥申遗和保护研究中心）,119.7207762,27.56036987,119.7095583,27.55785957
187,188,石桥营造技艺,浙江省,传统技艺,新增项目,浙江省绍兴市,绍兴市古桥学会,120.5900226,30.05765736,120.5794934,30.0540578
188,189,婺州传统民居营造技艺（诸葛村古村落营造技艺）,浙江省,传统技艺,新增项目,浙江省兰溪市,兰溪市诸葛旅游发展有限公司,119.3041069,29.25462044,119.2926249,29.25108062
189,190,婺州传统民居营造技艺（俞源村古建筑群营造技艺）,浙江省,传统技艺,新增项目,浙江省武义县,武义县文化馆（武义县非物质文化遗产保护馆）,119.8222387,28.89996086,119.8110269,28.89737074
190,191,婺州传统民居营造技艺（东阳卢宅营造技艺）,浙江省,传统技艺,新增项目,浙江省东阳市,东阳市非物质文化遗产保护中心,120.2535066,29.27003152,120.2427064,29.26638661
191,192,婺州传统民居营造技艺（浦江郑义门营造技艺）,浙江省,传统技艺,新增项目,浙江省浦江县,浦江县非物质文化遗产保护中心,119.8984361,29.45869285,119.8875005,29.45516115
192,193,越窑青瓷烧制技艺,浙江省,传统技艺,新增项目,浙江省上虞市,绍兴上虞三雄陶瓷有限公司,120.8745099,30.03824297,120.8639191,30.0348157
193,194,越窑青瓷烧制技艺,浙江省,传统技艺,新增项目,浙江省杭州市,杭州市西湖区贵山窑陶瓷艺术研究室,120.0768972,30.27841481,120.065485,30.27500565
194,195,越窑青瓷烧制技艺,浙江省,传统技艺,新增项目,浙江省慈溪市,慈溪市越窑青瓷有限公司,121.3097739,30.13009398,121.2989315,30.12625706
195,196,蓝夹缬技艺,浙江省,传统技艺,新增项目,浙江省温州市,温州市非物质文化遗产保护中心,120.6916417,28.00061249,120.6810698,27.99800635
196,197,中式服装制作技艺（振兴祥中式服装制作技艺）,浙江省,传统技艺,新增项目,浙江省杭州市,杭州利民中式服装股份有限公司,120.1978489,30.33045592,120.1867,30.32714897
197,198,中式服装制作技艺（红帮裁缝技艺）,浙江省,传统技艺,扩展项目,浙江省宁波市奉化区,宁波市奉化区服装商会,121.4135278,29.66114641,121.4024827,29.65749714
198,199,五芳斋粽子制作技艺,浙江省,传统技艺,新增项目,浙江省嘉兴市,浙江五芳斋实业股份有限公司,120.6092743,30.0096189,120.5987932,30.00590198
199,200,婺州窑陶瓷烧制技艺 ,浙江省,传统技艺,新增项目,浙江省金华市婺城区,金华婺州窑陶瓷研究所,119.6534362,29.08463939,119.6422959,29.0812771
200,201,婺州窑陶瓷烧制技艺（婺州窑衢州白瓷烧制技艺）,浙江省,传统技艺,扩展项目,浙江省衢州市柯城区,衢州火神瓷业有限公司,118.8640333,28.93525694,118.8526436,28.93272333
201,202,传统制糖技艺（义乌红糖制作技艺）,浙江省,传统技艺,新增项目,浙江省义乌市,义乌市五亭现代农业开发有限公司,120.081581,29.31114988,120.070264,29.30788775
202,203,花边制作技艺（萧山花边制作技艺）,浙江省,传统技艺,新增项目,浙江省杭州市萧山区,杭州市萧山区文化馆（杭州市萧山区非物质文化遗产保护中心）,120.2889413,30.21896477,120.2779359,30.21562629
203,204,彩带编织技艺（畲族彩带编织技艺）,浙江省,传统技艺,新增项目,浙江省丽水市景宁畲族自治县,景宁畲族自治县文物和非遗保护中心,119.6424303,27.97955397,119.6313954,27.97660354
204,205,铸铁技艺（永康铸铁技艺）,浙江省,传统技艺,新增项目,浙江省金华市永康市,永康一本堂艺术品有限公司,120.0545507,28.89420397,120.0433234,28.89135566
205,206,严东关五加皮酿酒技艺,浙江省,传统技艺,新增项目,浙江省杭州市建德市,浙江致中和实业有限公司,119.4113963,29.55244289,119.3997392,29.54845051
206,207,中医诊疗法（董氏儿科医术）,浙江省,传统医药,扩展项目,浙江省宁波市海曙区,宁波市中医院,121.4152789,29.67281594,121.4042363,29.66912973
207,208,中医诊疗法（绍派伤寒）,浙江省,传统医药,扩展项目,浙江省绍兴市,绍兴市中医院,120.5900226,30.05765736,120.5794934,30.0540578
208,209,中药炮制技艺（武义寿仙谷中药炮制技艺）,浙江省,传统医药,扩展项目,浙江省武义县,金华寿仙谷药业有限公司,119.774452,28.89665808,119.763294,28.89332786
209,210,中医传统制剂方法（朱养心传统膏药制作技艺）,浙江省,传统医药,扩展项目,浙江省杭州市,杭州朱养心药业有限公司,120.0793801,30.31990464,120.0680019,30.31646919
210,211,中医传统制剂方法（方回春堂传统膏方制作技艺）,浙江省,传统医药,扩展项目,浙江省杭州市上城区,杭州方回春堂国药馆有限公司,120.2470408,30.35821183,120.2361486,30.35429478
211,212,针灸（杨继洲针灸）,浙江省,传统医药,扩展项目,浙江省衢州市,衢州市中医医院,118.8653292,29.00207744,118.8539591,28.99950012
212,213,中医正骨疗法（张氏骨伤疗法）,浙江省,传统医药,扩展项目,浙江省富阳市,杭州市富阳中医骨伤医院,119.9250643,30.05979177,119.9139887,30.05659166
213,214,中医正骨疗法（章氏骨伤疗法）,浙江省,传统医药,扩展项目,浙江省台州市,台州章氏骨伤医院,121.3921856,28.5941609,121.3811588,28.59148892
214,215,胡庆余堂中药文化,浙江省,传统医药,新增项目,浙江省杭州市,杭州胡庆余堂国药号有限公司,120.1742932,30.24534168,120.1630667,30.24198608
215,216,传统中医药文化（桐君传统中药文化）,浙江省,传统医药,扩展项目,浙江省杭州市桐庐县,桐君堂药业有限公司,119.6987228,29.79703284,119.6872933,29.79389528
216,217,传统中医药文化（朱丹溪中医药文化）,浙江省,传统医药,扩展项目,浙江省金华市义乌市,义乌市中医医院（义乌市中医医院医共体、义乌市朱丹溪中医院）,120.0641193,29.32259914,120.0527895,29.31945809
217,218,畲族医药（痧症疗法）,浙江省,传统医药,新增项目,浙江省丽水市,丽水市文化馆（挂丽水大剧院管理中心、丽水市非物质文化遗产保护中心、丽水市美术馆牌子）,119.931403,28.47063899,119.9204191,28.46829243
218,219,端午节（五常龙舟胜会）,浙江省,民俗,扩展项目,浙江省杭州市余杭区,杭州市余杭区五常龙舟俱乐部,120.0379212,30.25051463,120.0266522,30.24690814
219,220,端午节（嘉兴端午习俗）,浙江省,民俗,扩展项目,浙江省嘉兴市,嘉兴市文化馆（嘉兴市非物质文化遗产保护中心）,120.7635518,30.75097483,120.7526809,30.74740168
220,221,端午节（蒋村龙舟胜会）,浙江省,民俗,扩展项目,浙江省杭州市西湖区,杭州市西湖区蒋村龙舟协会,120.0775794,30.27836163,120.0661686,30.27494478
221,222,七夕节（石塘七夕习俗）,浙江省,民俗,扩展项目,浙江省温岭市,温岭市石塘镇东海村股份经济合作社,121.5938135,28.26081228,121.5833472,28.25818897
222,223,黄帝祭典（缙云轩辕祭典）,浙江省,民俗,扩展项目,浙江省缙云县,缙云县仙都旅游文化产业有限公司,120.132945,28.70507356,120.121872,28.70167993
223,224,祭孔大典（南孔祭典）,浙江省,民俗,扩展项目,浙江省衢州市,衢州南孔圣地文化旅游区管理中心,118.8754482,28.96872901,118.8640754,28.96614776
224,225,妈祖祭典（洞头妈祖祭典）,浙江省,民俗,扩展项目,浙江省洞头县,温州市洞头区妈祖文化交流协会,121.1635486,27.84187032,121.1527207,27.83918375
225,226,大禹祭典,浙江省,民俗,新增项目,浙江省绍兴市,绍兴大禹开发投资有限公司,110.1984257,36.88913194,110.1863708,36.88283078
226,227,农历二十四节气（九华立春祭）,浙江省,民俗,扩展项目,浙江省衢州市柯城区,衢州市柯城区文化馆,118.8802857,28.96476196,118.8689295,28.96213864
227,228,农历二十四节气（班春劝农）,浙江省,民俗,扩展项目,浙江省遂昌县,遂昌县非物质文化遗产保护中心,119.2816049,28.58984886,119.2701999,28.58667918
228,229,农历二十四节气（三门祭冬）,浙江省,民俗,扩展项目,浙江省三门县,三门县非物质文化遗产保护中心,121.4025538,29.11035521,121.3915277,29.10720894
229,230,农历二十四节气（半山立夏习俗）,浙江省,民俗,扩展项目,浙江省杭州市拱墅区,杭州市拱墅区皋亭文化研究会,120.1974277,30.36167908,120.1862597,30.35836749
230,231,农历二十四节气（送大暑船）,浙江省,民俗,扩展项目,浙江省台州市椒江区,台州市椒江区送大暑船保护中心,121.449408,28.67925822,121.4386042,28.67586961
231,232,农历二十四节气（梅源芒种开犁节）,浙江省,民俗,扩展项目,浙江省丽水市云和县,云和县非物质文化遗产保护中心,119.5795974,28.12146951,119.5683657,28.11923833
232,233,元宵节（河上龙灯胜会） ,浙江省,民俗,扩展项目,浙江省杭州市萧山区,杭州市萧山区河上龙灯胜会协会,120.1806266,29.95489443,120.1694384,29.95161415
233,234,元宵节（前童元宵行会）,浙江省,民俗,扩展项目,浙江省宁海县,宁海县文化馆,121.4443564,29.30693459,121.4334709,29.30305947
234,235,渔民开洋、谢洋节,浙江省,民俗,新增项目,浙江省象山县,象山县石浦文化馆,121.9469564,29.20670682,121.9365123,29.20339226
235,236,渔民开洋、谢洋节,浙江省,民俗,新增项目,浙江省岱山县,岱山县文化馆（岱山县非物质文化遗产保护中心）,122.211069,30.25251302,122.2003155,30.24915607
236,237,畲族三月三,浙江省,民俗,新增项目,浙江省景宁畲族自治县,景宁畲族自治县文物和非遗保护中心,119.6424303,27.97955397,119.6313954,27.97660354
237,238,庙会（赶茶场）,浙江省,民俗,新增项目,浙江省磐安县,磐安县非物质文化遗产保护中心,120.4565131,29.06010318,120.4455898,29.05681241
238,239,庙会（张山寨七七会）,浙江省,民俗,扩展项目,浙江省缙云县,缙云县非物质文化遗产保护中心,120.0974783,28.66521475,120.0863177,28.66215906
239,240,庙会（方岩庙会）,浙江省,民俗,扩展项目,浙江省永康市,永康市方岩风景区投资经营有限公司,120.1957217,28.92930888,120.1846571,28.92652125
240,241,庙会（绍兴舜王庙会）,浙江省,民俗,扩展项目,浙江省绍兴市,绍兴市虞舜文化研究会,120.5900226,30.05765736,120.5794934,30.0540578
241,242,民间信俗（石浦-富岗如意信俗）,浙江省,民俗,新增项目,浙江省象山县,象山县石浦文化馆,121.9469564,29.20670682,121.9365123,29.20339226
242,243,民间信俗（汤和信俗）,浙江省,民俗,新增项目,浙江省温州市龙湾区,温州市龙湾区海滨街道宁村村民委员会,120.8445562,27.93050554,120.8341837,27.92748704
243,244,民间信俗（孝子祭）,浙江省,民俗,扩展项目,浙江省富阳市,杭州市富阳区周雄孝文化研究会,119.9665557,30.05472297,119.9554294,30.05147734
244,245,民间信俗（潮神祭祀）,浙江省,民俗,扩展项目,浙江省海宁市,海宁市文化馆（海宁市非物质文化遗产保护中心）,120.6861178,30.51318543,120.6753375,30.5098485
245,246,抬阁（芯子、铁枝、飘色）（浦江迎会）,浙江省,民俗,新增项目,浙江省浦江县,浦江县非物质文化遗产保护中心,119.8984361,29.45869285,119.8875005,29.45516115
246,247,祭祖习俗（太公祭）,浙江省,民俗,扩展项目,浙江省文成县,文成县非物质文化遗产保护中心,120.1008257,27.79254686,120.0897396,27.78949435
247,248,祭祖习俗（诸葛后裔祭祖）,浙江省,民俗,扩展项目,浙江省兰溪市,兰溪市诸葛旅游发展有限公司,119.3041069,29.25462044,119.2926249,29.25108062
248,249,蚕桑习俗（含山轧蚕花）,浙江省,民俗,新增项目,浙江省桐乡市,桐乡市文化馆（桐乡市非物质文化遗产保护中心、桐乡市子恺画院）,120.5909337,30.64039437,120.5803532,30.63667787
249,250,蚕桑习俗（扫蚕花地）,浙江省,民俗,新增项目,浙江省德清县,德清县文化馆,119.9899545,30.52941443,119.978837,30.52563261
250,251,汉族传统婚俗（宁海十里红妆婚俗）,浙江省,民俗,新增项目,浙江省宁海县,宁海县十里红妆博物馆,121.4356682,29.28611029,121.4247741,29.28229614
251,252,水乡社戏,浙江省,民俗,新增项目,浙江省绍兴市,绍兴市文化馆、绍兴市非物质文化遗产保护中心,120.5864075,30.00261018,120.5758762,29.99906736
252,253,网船会,浙江省,民俗,新增项目,浙江省嘉兴市秀洲区,嘉兴市大运河文化旅游发展有限公司,120.4167003,30.52348161,120.4054969,30.52000951
253,254,婚俗（畲族婚俗） ,浙江省,民俗,扩展项目,浙江省景宁畲族自治县,景宁畲族自治县文物和非遗保护中心,119.6424303,27.97955397,119.6313954,27.97660354
254,255,径山茶宴,浙江省,民俗,新增项目,浙江省杭州市余杭区,杭州市余杭区径山万寿禅寺,119.8717783,30.38135205,119.8607033,30.37769343
255,256,腊八节习俗,浙江省,民俗,新增项目,浙江省,杭州灵隐寺,120.107833,30.24691409,120.0965777,30.24298537
256,257,炼火,浙江省,民俗,新增项目,浙江省金华市磐安县,磐安县非物质文化遗产保护中心,120.4565131,29.06010318,120.4455898,29.05681241
0,1,桐城歌,安徽省,民间文学,新增项目,安徽省桐城市,桐城市文化馆,116.9578399,31.05396981,116.946179,31.05057962
1,2,孔雀东南飞传说,安徽省,民间文学,新增项目,安徽省怀宁县,怀宁县文化馆,116.8338988,30.73845662,116.8222459,30.73523375
2,3,孔雀东南飞传说,安徽省,民间文学,新增项目,安徽省潜山县,潜山市文化馆,116.5864324,30.63662626,116.5749623,30.63356283
3,4,老子传说,安徽省,民间文学,新增项目,安徽省涡阳县,涡阳县文化馆,116.222378,33.51469356,116.2103916,33.51053714
4,5,包公故事,安徽省,民间文学,新增项目,安徽省合肥市,合肥市文化馆,117.2334427,31.82657783,117.2215173,31.82229951
5,6,当涂民歌,安徽省,传统音乐,新增项目,安徽省马鞍山市,当涂县文化馆,118.5064107,31.56998661,118.4946165,31.56631255
6,7,巢湖民歌,安徽省,传统音乐,新增项目,安徽省巢湖市,巢湖市文化馆,117.8713549,31.60405227,117.8595923,31.60009108
7,8,唢呐艺术（砀山唢呐）,安徽省,传统音乐,扩展项目,安徽省宿州市,砀山县文化馆,116.3559213,34.43216519,116.3437797,34.42756679
8,9,唢呐艺术（灵璧菠林喇叭）,安徽省,传统音乐,扩展项目,安徽省灵璧县,灵璧县文化馆,117.5643321,33.54585536,117.5522366,33.5417078
9,10,五河民歌,安徽省,传统音乐,新增项目,安徽省五河县,五河县文化馆,117.897627,33.14817602,117.8856462,33.14439106
10,11,大别山民歌,安徽省,传统音乐,新增项目,安徽省六安市,六安市文化馆（六安市文艺创作研究室）,116.5264097,31.74145082,116.5149193,31.73716631
11,12,徽州民歌,安徽省,传统音乐,新增项目,安徽省黄山市,黄山市非物质文化遗产保护中心,118.1484195,30.30232896,118.1364468,30.29901303
12,13,道教音乐（齐云山道场音乐）,安徽省,传统音乐,新增项目,安徽省休宁县,休宁县齐云山道教协会,118.1999214,29.79084384,118.1882841,29.78695267
13,14,凤阳民歌,安徽省,传统音乐,新增项目,安徽省滁州市,凤阳县文化馆,117.5672248,32.8734415,117.5552265,32.86967966
14,15,龙舞（手龙舞）,安徽省,传统舞蹈,扩展项目,安徽省绩溪县,绩溪县文化馆,118.6014622,30.07737723,118.590112,30.07414088
15,16,龙舞（徽州板凳龙）,安徽省,传统舞蹈,扩展项目,安徽省黄山市休宁县,休宁县文化馆（休宁县美术馆）,118.1902996,29.79009559,118.1786135,29.78628672
16,17,花鼓灯（蚌埠花鼓灯）,安徽省,传统舞蹈,新增项目,安徽省蚌埠市,安徽省花鼓灯歌舞剧院有限责任公司,117.3774579,32.94410361,117.3652131,32.93951503
17,18,花鼓灯（凤台花鼓灯）,安徽省,传统舞蹈,新增项目,安徽省凤台县,安徽省凤台县文化馆,116.7348484,32.70712938,116.7230567,32.70319098
18,19,花鼓灯（颍上花鼓灯）,安徽省,传统舞蹈,新增项目,安徽省颍上县,颍上县花鼓灯艺术团有限公司,116.261143,32.655698,116.2494044,32.6516635
19,20,傩舞（祁门傩舞）,安徽省,传统舞蹈,扩展项目,安徽省祁门县,祁门县芦溪乡为民服务中心,117.5190778,29.70992166,117.5072589,29.70653161
20,21,傩舞（跳五猖）,安徽省,传统舞蹈,扩展项目,安徽省郎溪县,梅渚民间文化艺术推进会,119.225466,31.26330349,119.2136584,31.25968266
21,22,灯舞（东至花灯舞）,安徽省,传统舞蹈,新增项目,安徽省东至县,东至县文化馆,117.0274715,30.10135824,117.0157479,30.097647
22,23,灯舞（无为鱼灯）,安徽省,传统舞蹈,扩展项目,安徽省无为县,无为县文化馆,117.367732,32.94395408,117.3555208,32.93932314
23,24,火老虎,安徽省,传统舞蹈,新增项目,安徽省凤台县,安徽省凤台县文化馆,116.7348484,32.70712938,116.7230567,32.70319098
24,25,青阳腔,安徽省,传统戏剧,新增项目,安徽省青阳县,青阳县文化馆,117.8638316,30.64322175,117.85217,30.6395391
25,26,高腔（岳西高腔）,安徽省,传统戏剧,新增项目,安徽省岳西县,岳西高腔传承中心,116.3680022,30.85353409,116.356205,30.84983726
26,27,徽剧,安徽省,传统戏剧,新增项目,安徽省,安徽省徽京剧院,117.2932027,31.87668989,117.281111,31.87295597
27,28,徽剧,安徽省,传统戏剧,新增项目,安徽省黄山市,黄山市徽剧院（黄山市艺术研究所）,118.3454373,29.72188979,118.3337931,29.71809463
28,29,四平调 ,安徽省,传统戏剧,扩展项目,安徽省砀山县 ,砀山县文化馆,116.3559213,34.43216519,116.3437797,34.42756679
29,30,庐剧,安徽省,传统戏剧,新增项目,安徽省合肥市,合肥市庐剧院有限公司,117.2334427,31.82657783,117.2215173,31.82229951
30,31,庐剧,安徽省,传统戏剧,新增项目,安徽省六安市,六安市皖西演艺传媒有限公司,116.5247682,31.74840694,116.5132785,31.74412193
31,32,庐剧（东路庐剧）,安徽省,传统戏剧,扩展项目,安徽省和县,和县庐剧团有限责任公司,118.3595125,31.74824382,118.347587,31.74414036
32,33,黄梅戏,安徽省,传统戏剧,新增项目,安徽省安庆市,安庆市黄梅戏（地方戏曲）研究院,116.989956,30.62598686,116.9783194,30.62221742
33,34,黄梅戏,安徽省,传统戏剧,扩展项目,安徽省黄梅戏剧院,安徽省黄梅戏剧院,117.2878431,31.86080931,117.2757669,31.85700136
34,35,泗州戏,安徽省,传统戏剧,新增项目,安徽省宿州市,安徽省宿州市泗州戏剧团,116.988648,33.64802095,116.9767406,33.64332509
35,36,泗州戏,安徽省,传统戏剧,新增项目,安徽省蚌埠市,安徽省泗州戏剧院有限责任公司,117.3323492,32.93272571,117.3200941,32.92858965
36,37,目连戏（徽州目连戏）,安徽省,传统戏剧,新增项目,安徽省祁门县,祁门县文化馆,117.7209127,29.85588373,117.7091976,29.8520756
37,38,目连戏（南陵目连戏）,安徽省,传统戏剧,扩展项目,安徽省芜湖市南陵县,南陵县文化馆（南陵县非物质文化遗产保护中心）,118.3489672,30.92555506,118.3371997,30.92153891
38,39,傩戏（池州傩戏）,安徽省,传统戏剧,新增项目,安徽省池州市,池州市文化馆,117.517279,30.21656014,117.5054336,30.21310798
39,40,坠子戏,安徽省,传统戏剧,新增项目,安徽省宿州市,安徽省宿州市坠子剧团,116.970297,33.63777749,116.9583652,33.63345484
40,41,文南词,安徽省,传统戏剧,新增项目,安徽省宿松县,宿松县文化馆,116.128405,30.15946882,116.1165728,30.15595149
41,42,花鼓戏,安徽省,传统戏剧,新增项目,安徽省宿州市,宿州市桥区花鼓戏剧团,116.9869016,33.63843596,116.974991,33.63377415
42,43,花鼓戏,安徽省,传统戏剧,新增项目,安徽省淮北市,淮北市杜集区大老周花鼓剧团,116.8346123,33.99728544,116.8226486,33.99307115
43,44,花鼓戏,安徽省,传统戏剧,新增项目,安徽省宣城市,宣城市文化馆,118.4122338,30.69378598,118.4003801,30.69004705
44,45,二夹弦,安徽省,传统戏剧,新增项目,安徽省亳州市,亳州市演艺有限公司,115.7872147,33.89688822,115.7752196,33.89213641
45,46,嗨子戏,安徽省,传统戏剧,新增项目,安徽省阜南县,阜南县文化馆,115.5970162,32.65094993,115.5852233,32.64720691
46,47,淮北梆子戏,安徽省,传统戏剧,新增项目,安徽省宿州市,安徽省宿州市梆子剧团,116.9686336,33.60889875,116.9567185,33.60462383
47,48,淮北梆子戏,安徽省,传统戏剧,新增项目,安徽省阜阳市,阜阳市演艺有限公司,115.8204361,32.89606099,115.8086289,32.89179756
48,49,淮北梆子戏,安徽省,传统戏剧,扩展项目,安徽省亳州市谯城区,亳州市演艺有限公司,115.7872147,33.89688822,115.7752196,33.89213641
49,50,凤阳花鼓,安徽省,曲艺,新增项目,安徽省凤阳县,凤阳县文化馆,117.5672248,32.8734415,117.5552265,32.86967966
50,51,渔鼓道情,安徽省,曲艺,新增项目,安徽省萧县,安徽省萧县文化馆,116.9561106,34.19016723,116.9441475,34.18593836
51,52,马戏（桥马戏）,安徽省,"传统体育、
游艺与杂技",新增项目,安徽省宿州市桥区,宿州市桥区马戏协会,116.9834804,33.64613065,116.9715689,33.64153304
52,53,华佗五禽戏,安徽省,"传统体育、
游艺与杂技",新增项目,安徽省亳州市,亳州市华佗五禽戏协会,115.7866891,33.94071242,115.774714,33.93596676
53,54,西凉掌（亳州晰扬掌）,安徽省,"传统体育、
游艺与杂技",新增项目,安徽省亳州市,亳州市晰扬掌协会,115.7790088,33.88260277,115.7669522,33.87798287
54,55,临泉杂技,安徽省,"传统体育、
游艺与杂技",新增项目,安徽省阜阳市临泉县,临泉县文化馆,115.273674,33.06337348,115.2615149,33.0595136
55,56,剪纸（阜阳剪纸）,安徽省,传统美术,扩展项目,安徽省阜阳市,阜阳市非物质文化遗产保护中心,115.8072347,32.85831126,115.7954524,32.85396922
56,57,挑花（望江挑花）,安徽省,传统美术,扩展项目,安徽省望江县,望江县文化馆,116.6957876,30.12862487,116.6842274,30.12549301
57,58,徽州三雕,安徽省,传统美术,新增项目,安徽省黄山市,安徽中国徽州文化博物馆（黄山市博物馆）,116.3411169,30.45079819,116.3293826,30.44751164
58,59,竹刻（徽州竹雕）,安徽省,传统美术,扩展项目,安徽省黄山市徽州区,黄山市竹溪堂徽雕艺术有限公司,118.3405921,29.8748859,118.3289572,29.87101264
59,60,竹编（舒席）,安徽省,传统美术,扩展项目,安徽省舒城县,舒城县文化馆,116.9556017,31.46769201,116.9438679,31.46414473
60,61,柳编（黄岗柳编）,安徽省,传统美术,扩展项目,安徽省阜南县,阜南柳编工艺品协会,115.6025459,32.66409739,115.5907159,32.66044559
61,62,柳编（霍邱柳编）,安徽省,传统美术,扩展项目,安徽省霍邱县,霍邱县淮美奇工艺品有限公司,116.2843913,32.35934359,116.2727635,32.35509946
62,63,盆景技艺（徽派盆景技艺）,安徽省,传统美术,新增项目,安徽省歙县,歙县徽派盆景协会,118.6172741,29.87510645,118.6058816,29.87209455
63,64,刻铜（杜氏刻铜）,安徽省,传统美术,新增项目,安徽省阜阳市,安徽杜氏刻铜艺术有限公司,120.4805618,36.11084252,120.4692149,36.10431741
64,65,界首彩陶烧制技艺,安徽省,传统技艺,新增项目,安徽省界首市,界首市文化馆,115.4101089,33.25086918,115.3977685,33.24648931
65,66,芜湖铁画锻制技艺,安徽省,传统技艺,新增项目,安徽省芜湖市,芜湖铁画协会,118.3634965,31.34292655,118.3515664,31.33892616
66,67,万安罗盘制作技艺,安徽省,传统技艺,新增项目,安徽省休宁县,休宁县万安吴鲁衡罗经老店有限公司,118.217577,29.79644902,118.2059683,29.79262112
67,68,宣纸制作技艺,安徽省,传统技艺,新增项目,安徽省泾县,中国宣纸股份有限公司,114.3631028,34.82291438,114.350765,34.81735493
68,69,桑皮纸制作技艺,安徽省,传统技艺,扩展项目,安徽省潜山县,潜山市文化馆,116.5864324,30.63662626,116.5749623,30.63356283
69,70,桑皮纸制作技艺,安徽省,传统技艺,扩展项目,安徽省岳西县,岳西县文化馆,116.3668491,30.85299891,116.3550494,30.84932298
70,71,徽墨制作技艺,安徽省,传统技艺,新增项目,安徽省绩溪县,安徽省绩溪胡开文墨业有限公司,118.581429,30.04800828,118.5701267,30.0444102
71,72,徽墨制作技艺,安徽省,传统技艺,新增项目,安徽省歙县,歙县老胡开文墨业有限公司,118.4492558,29.86839735,118.4376324,29.86439282
72,73,徽墨制作技艺,安徽省,传统技艺,新增项目,安徽省黄山市屯溪区,安徽省黄山市屯溪胡开文墨厂,118.3110939,29.71664111,118.2995192,29.71285857
73,74,歙砚制作技艺,安徽省,传统技艺,新增项目,安徽省歙县,安徽省歙县工艺厂,118.4492709,29.86847079,118.4376475,29.86446631
74,75,制扇技艺（王氏制扇）,安徽省,传统技艺,扩展项目,安徽省宣城市广德市,安徽明德竹木工艺制品有限公司,120.4805618,36.11084252,120.4692149,36.10431741
75,76,陶器烧制技艺（痘姆陶器烧制技艺）,安徽省,传统技艺,扩展项目,安徽省安庆市潜山市,潜山市天柱陶瓷有限公司,116.4351393,30.71543777,116.4234034,30.71162664
76,77,漆器髹饰技艺（徽州漆器髹饰技艺）,安徽省,传统技艺,新增项目,安徽省黄山市屯溪区,黄山市徽漆工艺有限公司,118.2599779,29.7289103,118.2483027,29.72575904
77,78,纸笺加工技艺,安徽省,传统技艺,新增项目,安徽省巢湖市,安徽省掇英轩书画用品有限公司,116.7143318,30.11758685,116.7027357,30.11445229
78,79,宣笔制作技艺,安徽省,传统技艺,新增项目,安徽省宣城市,宣城市书画院,118.7655342,30.94660155,118.7538771,30.94301937
79,80,蒸馏酒传统酿造技艺（古井贡酒酿造技艺）,安徽省,传统技艺,扩展项目,安徽省亳州市,安徽古井集团有限责任公司,115.735816,33.98204305,115.7236356,33.97774166
80,81,绿茶制作技艺（黄山毛峰）,安徽省,传统技艺,新增项目,安徽省黄山市徽州区,谢裕大茶业股份有限公司,121.4531449,31.17728997,121.4421582,31.17286013
81,82,绿茶制作技艺（太平猴魁）,安徽省,传统技艺,新增项目,安徽省黄山市黄山区,黄山区茶业协会,118.1446466,30.29720742,118.1326611,30.29388527
82,83,绿茶制作技艺（六安瓜片）,安徽省,传统技艺,新增项目,安徽省六安市裕安区,六安市裕安区茶叶产业协会,116.4865498,31.74362587,116.4747836,31.73974769
83,84,红茶制作技艺（祁门红茶制作技艺）,安徽省,传统技艺,新增项目,安徽省祁门县,祁门县祁门红茶协会,117.7039268,29.85782331,117.6921843,29.85424437
84,85,徽派传统民居营造技艺,安徽省,传统技艺,新增项目,安徽省黄山市,安徽省徽州古典园林建设有限公司,118.3527482,29.82655388,118.3410372,29.82285267
85,86,毛笔制作技艺（徽笔制作技艺） ,安徽省,传统技艺,扩展项目,安徽省黄山市屯溪区,黄山市徽笔工艺研究所,118.3454373,29.72188979,118.3337931,29.71809463
86,87,豆腐传统制作技艺 ,安徽省,传统技艺,新增项目,安徽省淮南市,淮南市八公山豆制品有限责任公司,116.846146,32.63992411,116.8343982,32.63627167
87,88,豆腐传统制作技艺 ,安徽省,传统技艺,新增项目,安徽省寿县,安徽八公山豆制品有限公司,116.846146,32.63992411,116.8343982,32.63627167
88,89,徽菜烹饪技艺,安徽省,传统技艺,新增项目,安徽省,安徽省文化馆,116.1073529,39.94839892,116.0944206,39.94135362
89,90,中医诊法（张一帖内科疗法）,安徽省,传统医药,扩展项目,安徽省黄山市,歙县新安国医博物馆,118.634939,29.886305,118.6235165,29.88328072
90,91,中医诊疗法（西园喉科医术）,安徽省,传统医药,扩展项目,安徽省歙县,黄山市西园喉科药物研究所,118.3223293,29.69941932,118.3107459,29.695515
91,92,中医诊疗法（祁门蛇伤疗法）,安徽省,传统医药,扩展项目,安徽省黄山市祁门县,安徽省祁门县蛇伤研究所,117.7134831,29.85852211,117.7017611,29.85478776
92,93,灯会（肥东洋蛇灯）,安徽省,民俗,新增项目,安徽省肥东县,肥东县文化馆,117.4748251,31.89764841,117.4627677,31.89329312
93,94,庙会（九华山庙会）,安徽省,民俗,扩展项目,安徽省池州市九华山风景区,安徽省九华山文化馆,117.806616,30.48432291,117.7947463,30.48099228
94,95,抬阁（芯子、铁枝、飘色）（肘阁抬阁）,安徽省,民俗,新增项目,安徽省寿县,寿县文化馆,116.8086816,32.54994442,116.7968476,32.54627421
95,96,抬阁（芯子、铁枝、飘色）（肘阁抬阁）,安徽省,民俗,新增项目,安徽省临泉县,临泉县文化馆,115.273674,33.06337348,115.2615149,33.0595136
96,97,祭祖习俗（徽州祠祭） ,安徽省,民俗,扩展项目,安徽省祁门县,祁门县博物馆,117.7204027,29.85566219,117.7086876,29.85185757
97,98,界首书会,安徽省,民俗,新增项目,安徽省界首市,界首市文化馆,115.4101089,33.25086918,115.3977685,33.24648931
98,99,珠算（程大位珠算法）,安徽省,民俗,新增项目,安徽省黄山市屯溪区,黄山市屯溪大位小学,118.3329485,29.71510623,118.3213573,29.71119409
